id,domain,status,purchase_price,renewal_price,attractiveness,demand,length,registrar,created_at,expires_at,status_verified_at
2471bd50-d724-48d7-bfc5-7b644c684013,urges.florist,available,32.99,32.99,medium,low,5,namesilo,,,16/09/2026 09:15
ff9f7f9d-237e-40ae-95fa-84a1d4b2eab2,repulsive.florist,available,14.99,46.99,medium,low,9,name.com,,,
2cf73a32-cf6a-4710-8cf8-7469c8ae79c8,beguiling.florist,available,32.99,32.99,high,low,9,namesilo,,,22/09/2026 01:38
4aaaf583-57eb-4f19-b992-dae281120db0,peaking.florist,available,8.24,26.26,high,low,7,porkbun,,,02/10/2026 02:14
58399a4d-8328-4876-8169-e553f42cd5e4,liaoning.florist,available,32.99,32.99,medium,low,8,namesilo,,,30/09/2026 13:11
4783d6e3-b6fc-4bab-a9de-4d5b7e1bce88,overfull.florist,available,14.99,46.99,medium,low,8,name.com,,,20/08/2026 15:31
fdac97ab-b683-49be-82a8-c8c1623a5f3f,society.florist,available,8.24,26.97,high,low,7,dynadot,,,29/09/2026 01:43
15a87406-26f1-48b6-b2a4-b0c04fd296fc,incipient.florist,available,14.99,46.99,medium,low,9,name.com,,,22/08/2026 01:14
908badac-966c-4adc-bfa6-bebaf178d0c4,vicenza.florist,available,26.08,26.08,medium,low,7,spaceship,,,01/10/2026 07:48
36c8f0d3-c700-4e7f-9a7c-a2c263de3fb8,dataflow.florist,available,31.98,41.98,high,low,9,namecheap,,,04/09/2026 04:48
03a3009d-1495-46db-b4d5-876d5b12ebdd,gaslit.florist,available,32.99,32.99,medium,low,6,namesilo,,,17/09/2026 16:25
b6b742fa-59ae-4ef4-95f0-2ab259a6c76f,malleable.florist,available,14.99,46.99,medium,low,9,name.com,,,14/08/2026 20:52
f125906a-553a-4ca3-bea8-cef338f4bcd3,ashkenazi.florist,available,31.98,41.98,medium,low,9,namecheap,,,20/09/2026 13:54
4ed1e5db-469a-43c4-a71e-09cc9d13e101,bankable.florist,available,14.99,46.99,high,low,8,name.com,,,08/08/2026 13:24
c79143a8-2085-45a2-bafe-89964db91ec8,lunched.florist,available,32.99,32.99,medium,low,7,namesilo,,,21/09/2026 04:17
356f138c-2994-4cdc-af92-f1515472ff21,legged.florist,available,14.99,46.99,high,low,6,name.com,,,22/08/2026 22:55
6e389790-c003-4a74-9603-aaf39b7742d0,screeching.florist,available,31.98,41.98,high,low,10,namecheap,,,09/09/2026 23:59
d44521bb-3ce4-4bd8-b892-c497440a1023,rhomboidal.florist,available,31.98,41.98,medium,low,10,namecheap,,,09/09/2026 16:49
ec0b160a-1f45-40e0-89d3-df785de642f6,issued.florist,available,26.08,26.08,medium,low,6,spaceship,,,28/09/2026 08:22
33e6fe9e-1bf8-4aa2-ac36-739ea99b7305,reception.florist,available,32.99,32.99,high,low,9,namesilo,,,30/09/2026 09:14
4e49de9c-5d9c-45ed-a07b-3197988e383e,afterworld.florist,available,32.99,32.99,medium,low,10,namesilo,,,17/09/2026 15:58
5916ce19-615d-431b-ad5a-4672b2393335,chimpanzee.florist,available,32.99,32.99,high,low,10,namesilo,,,24/09/2026 14:39
8857707d-2c8e-4b11-90dd-0dd16f72d5b1,carthage.florist,available,32.99,32.99,medium,low,8,namesilo,,,25/09/2026 04:02
0e753fd7-536f-4130-b419-47afc050f262,lustrous.florist,available,14.99,46.99,high,low,8,name.com,,,11/08/2026 11:00
040b4dfe-d75a-43e0-b715-15cafb1766b5,taboo.florist,available,14.99,46.99,high,low,5,name.com,,,18/08/2026 11:03
cd5323a6-bda0-45b4-ad02-f9b13e90a8ef,confluent.florist,available,14.99,46.99,high,low,9,name.com,,,12/08/2026 21:07
70a45ba0-0bb8-49d9-8f68-8b57854bf81c,substitution.florist,available,14.99,,high,low,12,name.com,,,
43365f77-a535-4509-9f5b-5a259faf5ec4,fuze.florist,available,25.2,25.2,high,low,4,cloudflare,,,01/10/2026 19:40
f24d2001-76ef-4ad1-bb24-54effaac514f,alluvial.florist,available,14.99,46.99,high,low,8,name.com,,,
b0d26076-171b-490f-bcaa-de98feb41582,pontiff.florist,available,32.99,32.99,medium,low,7,namesilo,,,23/09/2026 21:52
c10aad52-f286-4f6e-85d2-0f8dcf26a615,cross.florist,available,32.99,32.99,high,low,5,namesilo,,,22/09/2026 16:13
7cf23aa6-1e3b-4724-986b-878d1af350a4,motors.florist,available,31.98,41.98,medium,low,6,namecheap,,,21/09/2026 01:16
e3751111-0ae9-4d57-8439-2540b7664759,booths.florist,available,25.2,25.2,medium,low,6,cloudflare,,,01/10/2026 18:37
142bb715-02ca-4ecc-9329-7045293a3e2d,cia.florist,available,32.99,32.99,high,medium,3,namesilo,,,24/09/2026 13:36
f3b08ff0-a3cc-409e-ab12-09832b7a0594,swaps.florist,available,32.99,32.99,medium,low,5,namesilo,,,18/09/2026 22:39
f63f2c73-b0ce-4414-a790-e41faa7c6722,energy.florist,available,32.99,32.99,high,medium,6,namesilo,,,01/10/2026 16:04
b20cfda8-1f6e-4730-91d6-89f20cfdedb0,caliginous.florist,available,14.99,46.99,low,low,10,name.com,,,11/08/2026 14:25
cbd7f4b1-5c58-4c92-9377-613d366d96ea,prince.florist,available,26.08,26.08,high,low,6,spaceship,,,30/09/2026 07:24
1cee1cf2-1846-40a6-a905-9d5027c60ae5,alienate.florist,available,14.99,46.99,medium,low,8,name.com,,,
92004398-b3bc-447f-828b-e75ec0d61e20,postbox.florist,available,14.99,,high,low,8,name.com,,,
ca538def-a690-46c8-bcf4-8c908c7d5d99,marketplace.florist,available,32.99,32.99,high,medium,11,namesilo,,,01/10/2026 14:31
72193272-6237-4454-908b-c8ad609539c2,represented.florist,available,14.99,,high,low,11,name.com,,,
099b83a8-8335-48ae-872f-78d4de066b60,polychrome.florist,available,31.98,41.98,high,low,10,namecheap,,,08/09/2026 23:11
60d046fb-d1c3-427b-aefe-61617ede0941,analytics.florist,available,32.99,32.99,high,low,9,namesilo,,,30/09/2026 16:06
3d9b71e9-a38c-4c42-bf40-d39de470c1a7,tomatoes.florist,available,8.24,26.97,medium,low,8,dynadot,,,28/09/2026 12:33
9b83deed-797d-457e-b06c-ee70858ba5c0,contracted.florist,available,32.99,32.99,high,low,10,namesilo,,,23/09/2026 22:26
a1af4bb7-eb2c-4f68-8ece-7749dfc73f67,juvenile.florist,available,14.99,46.99,high,low,8,name.com,,,22/08/2026 14:58
03d35e02-91ed-437c-abd9-98002e0e74b9,beijing.florist,premium,78.54,78.54,high,low,7,namesilo,,,23/09/2026 04:10
cc34bc12-c21b-4a12-9387-c51702afa6a5,alliance.florist,available,32.99,32.99,high,low,8,namesilo,,,18/09/2026 07:42
2264e238-93ed-4c21-9b93-b0ccc589fbe0,lunt.florist,available,32.99,32.99,medium,low,4,namesilo,,,18/09/2026 06:40
84b5a48d-6e8d-4a04-916c-b7be6dd8d50b,distributions.florist,available,32.99,32.99,medium,low,13,namesilo,,,25/09/2026 21:52
4aa6a0f8-629b-4fee-bad9-90e9f9dc418e,glacier.florist,available,8.24,26.97,high,low,7,dynadot,,,29/09/2026 19:03
424e7043-4648-4c9b-93aa-42a9d3172167,novi.florist,available,26.08,26.08,high,low,4,spaceship,,,28/09/2026 21:12
90999bc3-46ec-48b7-ac8d-9eefa353b46e,plate.florist,available,25.2,25.2,high,low,5,cloudflare,,,29/09/2026 10:15
c85f2c1d-0129-4706-b647-771de9dfcddb,mascot.florist,available,32.99,32.99,high,low,6,namesilo,,,30/09/2026 02:14
7a1d88d8-f48e-4ce7-aeb9-ef60a7273f32,eruption.florist,available,32.99,32.99,high,low,8,namesilo,,,24/09/2026 15:18
41dfe459-ad9c-47a4-b7f9-8d953b626a9f,alves.florist,available,32.99,32.99,medium,low,5,namesilo,,,30/09/2026 12:39
7f8a01b0-2264-4cff-adc1-6e9d46901d14,upstairs.florist,available,32.99,32.99,high,low,8,namesilo,,,28/09/2026 09:59
7de3fac4-d80c-41b3-b21b-76f95dd58521,macho.florist,available,14.99,46.99,high,low,5,name.com,,,11/08/2026 11:31
e8c1eece-1fe2-42be-b660-e1102d0df367,private.florist,available,32.99,32.99,high,medium,7,namesilo,,,27/09/2026 06:15
999b55c1-5495-4651-b3b5-0125eeef822f,starters.florist,available,8.24,26.97,medium,low,8,dynadot,,,29/09/2026 05:59
7a1cfde5-c31e-4421-92be-989e9db27185,barque.florist,available,32.99,32.99,high,low,6,namesilo,,,22/09/2026 07:48
1047c6dc-bd87-4485-b947-88eaae380908,plodding.florist,available,31.98,41.98,medium,low,8,namecheap,,,08/09/2026 21:17
ce5c8871-eab0-4ac2-9297-356442f3df12,lp.florist,premium,68.51,68.51,high,low,3,spaceship,,,30/09/2026 01:45
f19b5fd3-4692-4d59-9274-a9a960d15895,arrowhead.florist,available,31.98,41.98,high,low,9,namecheap,,,20/09/2026 09:30
c93d6f12-ab2c-4253-bbc4-94576f56192b,dummy.florist,available,32.99,32.99,high,low,5,namesilo,,,24/09/2026 12:20
75b5c9b0-d6fc-4831-83a8-491437f45630,stuffed.florist,available,31.98,41.98,high,low,7,namecheap,,,10/09/2026 23:02
4e87abce-10e9-4b7a-893d-06ee248b7be0,attentions.florist,available,31.98,41.98,medium,low,10,namecheap,,,19/09/2026 21:27
e3595e3b-7a33-438b-a6d5-e3a8038cd823,bigger.florist,available,32.99,32.99,high,low,6,namesilo,,,29/09/2026 20:37
4b0857d9-3b8b-448f-ab61-888009313a5f,sweet.florist,premium,207.2,207.2,high,low,5,spaceship,,,30/09/2026 21:35
4722d15b-8f20-4d19-bb9d-8701c8138c99,washer.florist,available,32.99,32.99,medium,low,6,namesilo,,,21/09/2026 06:54
c9210af0-5b72-4c8d-9cfb-e7795bfe70f7,modulated.florist,available,14.99,46.99,medium,low,9,name.com,,,25/08/2026 03:19
f30dd9d3-b908-405c-94bb-57744cc3107b,taps.florist,available,25.2,25.2,high,low,4,cloudflare,,,29/09/2026 20:29
7cf5462f-1b97-4a45-95b2-3a7df5a0b9db,brilliantly.florist,available,26.08,26.08,high,low,11,spaceship,,,29/09/2026 21:24
581e5033-c77d-4309-ae2b-5efa29efbe6c,bart.florist,available,32.99,32.99,high,low,4,namesilo,,,22/09/2026 07:32
92259620-a96f-4ea0-870c-f06831487944,revolution.florist,available,32.99,32.99,high,low,10,namesilo,,,29/09/2026 21:55
f61b1eec-f3b8-450e-8e2a-3f14ff8b60a3,linearly.florist,available,31.98,41.98,medium,low,8,namecheap,,,15/09/2026 12:25
fc761a6a-8123-4bf0-937c-d896a6b50aa0,commander.florist,available,31.98,41.98,high,low,9,namecheap,,,17/09/2026 22:14
24bd1fe0-2ec1-423e-bda9-76e098766ee1,forsaking.florist,available,32.99,32.99,medium,low,9,namesilo,,,16/09/2026 13:59
a76b06a4-50ea-4cff-80db-132d223043d3,dorr.florist,available,25.2,25.2,medium,low,4,cloudflare,,,01/10/2026 07:08
8d5dafa7-58ac-4b97-ae4e-fbfec57ce664,grosvenor.florist,available,26.08,26.08,medium,low,9,spaceship,,,28/09/2026 16:43
22390087-dbd4-4932-a1f1-0168060b2606,reborn.florist,available,14.99,46.99,high,low,6,name.com,,,10/08/2026 20:11
44ff3229-50d3-4405-9859-dbe8514352ff,generate.florist,available,26.08,26.08,high,low,8,spaceship,,,28/09/2026 19:12
8560f678-e34c-456d-9a36-14d684ce4083,tailored.florist,available,14.99,46.99,medium,low,8,name.com,,,09/08/2026 17:32
b167c3fe-3d6e-45ca-b69d-6781a9b242ef,frontal.florist,available,14.99,46.99,high,low,7,name.com,,,18/08/2026 16:15
a178ff97-f35f-4a7c-ac04-00646a22a10c,opposition.florist,available,31.98,41.98,high,low,10,namecheap,,,04/09/2026 16:40
41b2fe94-464b-4819-b3b4-f3583312bf04,closing.florist,available,31.98,41.98,high,low,7,namecheap,,,08/09/2026 06:59
d7be1010-5ef9-4b82-b04b-61ce6d048614,sexless.florist,available,31.98,41.98,medium,low,7,namecheap,,,10/09/2026 05:17
31e7d755-cc50-41fe-8224-3741f4e1dd74,cheered.florist,available,26.08,26.08,medium,low,7,spaceship,,,30/09/2026 15:15
06400058-a178-4e2f-b23b-77a71c126cad,stalinist.florist,available,31.98,41.98,medium,low,9,namecheap,,,10/09/2026 18:25
e68302cb-3881-4387-9462-47d9f0762ba5,suitable.florist,available,49.99,49.99,high,low,8,godaddy,,,28/09/2026 01:54
6c7cf5f4-4dfb-44e3-93dd-321ddf95bcd2,bandit.florist,available,32.99,32.99,high,low,6,namesilo,,,22/09/2026 01:19
8fd1a3f8-98cc-4c8d-85b6-3ccc55db3add,convolute.florist,available,14.99,46.99,medium,low,9,name.com,,,12/08/2026 23:57
09ff5dd5-bbeb-4451-a05c-335dd83aba00,expiration.florist,available,26.08,26.08,high,low,10,spaceship,,,29/09/2026 18:05
e1dbc684-dce5-4c71-8aba-5bfe45df7f1f,gop.florist,available,25.2,25.2,high,low,3,cloudflare,,,28/09/2026 09:54
cd09db76-b132-4137-b1fc-78d6b9e4d276,malian.florist,available,14.99,46.99,high,low,6,name.com,,,24/08/2026 14:00
bdd32512-ffac-4ee0-bab5-7384560dd779,morgue.florist,available,14.99,46.99,medium,low,6,name.com,,,25/08/2026 06:42
9ba6af9b-076a-4b54-81f1-8dd35b8d88b7,acted.florist,available,32.99,32.99,medium,low,5,namesilo,,,27/09/2026 02:34
b99c1704-8f45-4b98-a455-3332b8bdca16,thug.florist,available,32.99,32.99,medium,low,4,namesilo,,,27/09/2026 08:15
139871c8-9d30-4378-9f9a-497f188fd8a3,angularity.florist,available,32.99,32.99,medium,low,10,namesilo,,,19/09/2026 07:43
3011eb21-1c9d-4c89-8bd0-ee62d3d840aa,ripper.florist,available,8.24,26.26,medium,low,6,porkbun,,,01/10/2026 03:30
8fb4857d-7626-45f6-8422-4a0af935db84,pectoral.florist,available,31.98,41.98,medium,low,8,namecheap,,,08/09/2026 11:58
8d34fbd5-2c4d-42f3-ac4b-68e1e59af8a8,squealer.florist,available,32.99,32.99,medium,low,8,namesilo,,,23/09/2026 11:32
0a72453b-0207-4710-a7d5-8228d1aef9b0,intune.florist,available,32.99,32.99,high,low,7,namesilo,,,17/09/2026 12:54
b2e5448a-c4da-4db6-b2d2-21a05720e1e4,luz.florist,available,26.08,26.08,medium,low,3,spaceship,,,28/09/2026 21:47
ccdad31c-584a-49db-ba30-464f3de0d1e3,purses.florist,available,32.99,32.99,medium,low,6,namesilo,,,20/09/2026 11:07
d3cdd6bc-8d93-4720-8bdf-d46fd3518e68,franz.florist,available,32.99,32.99,high,low,5,namesilo,,,29/09/2026 15:16
b48a8f45-9843-4326-85ef-87338e756671,atonia.florist,available,31.98,41.98,medium,low,6,namecheap,,,19/09/2026 00:37
093a6418-5859-4608-bbe1-d57b23ebf445,phallic.florist,available,31.98,41.98,medium,low,7,namecheap,,,08/09/2026 18:31
01df2e6d-3abc-4a02-96d7-94b86eab2809,rash.florist,available,14.99,46.99,medium,low,4,name.com,,,18/08/2026 10:31
6b835922-946a-4b79-bb12-86ac5886e2af,worldling.florist,available,31.98,41.98,medium,low,9,namecheap,,,11/09/2026 10:47
847d7818-cc46-4383-b8b1-b39ee9717013,agenesis.florist,available,32.99,32.99,medium,low,8,namesilo,,,17/09/2026 17:08
3b2d8ef2-c8e9-4dbb-87be-ced0592a0a41,seconded.florist,available,32.99,32.99,medium,low,8,namesilo,,,20/09/2026 15:37
e9ae809b-081c-4daa-b4e4-392ab6920071,frogs.florist,available,26.08,26.08,medium,low,5,spaceship,,,28/09/2026 18:14
307e75b0-caf0-43c5-bdde-bb28018cb44a,economical.florist,available,32.99,32.99,high,low,10,namesilo,,,24/09/2026 13:25
69427c0e-3119-4310-86bd-2df28f67aad2,judges.florist,available,8.24,26.26,medium,low,6,porkbun,,,29/09/2026 03:34
ded56787-8b41-40de-b106-484e2bc37483,tunica.florist,available,31.98,41.98,medium,low,6,namecheap,,,17/09/2026 10:35
666240e7-fcb7-4158-8aeb-c27c0abcee1d,identified.florist,available,32.99,32.99,high,low,10,namesilo,,,25/09/2026 07:25
7f650ba3-db18-4673-9835-0bcf7071fbb0,adjacency.florist,available,32.99,32.99,high,low,9,namesilo,,,17/09/2026 08:24
ff2974f5-59d1-4f33-bea5-c4dfe4c62860,nihility.florist,available,31.98,41.98,medium,low,8,namecheap,,,13/09/2026 06:35
2369e9dd-6dc1-4674-9267-6fc7883ea615,acrolein.florist,available,32.99,32.99,medium,low,8,namesilo,,,17/09/2026 03:46
52c4b582-5a4f-48bd-9b70-77be60b6ac74,leaving.florist,available,32.99,32.99,high,low,7,namesilo,,,24/09/2026 22:37
0dac52e1-6d66-4415-a98a-dc6371e56512,cheerful.florist,available,14.99,46.99,high,low,8,name.com,,,12/08/2026 03:41
f8408a15-2cfc-4b66-bdf3-23b8f6e901d8,reassured.florist,available,31.98,41.98,high,low,9,namecheap,,,09/09/2026 11:12
470fe26e-2c82-456a-92f3-194d409a77c9,factually.florist,available,31.98,41.98,medium,low,9,namecheap,,,14/09/2026 17:27
7e7d0f66-7d3e-4a35-bc57-e4538fc8c0ae,panting.florist,available,32.99,32.99,medium,low,7,namesilo,,,01/10/2026 03:15
0e216c95-4dd0-4e43-84b4-3f3fcc6b3fa2,innsbruck.florist,available,32.99,32.99,medium,low,9,namesilo,,,29/09/2026 07:21
4b4306c9-6e44-467d-bea1-e33c4eb71c16,por.florist,available,25.2,25.2,medium,low,3,cloudflare,,,28/09/2026 21:27
bf89fcd5-7f77-49fc-a05e-c7dcc0700bfb,proprietor.florist,available,32.99,32.99,high,low,10,namesilo,,,30/09/2026 10:42
4220bab8-dd6d-4f4f-aa87-608b25599d86,lotion.florist,available,32.99,32.99,high,low,6,namesilo,,,01/10/2026 02:55
a8869f9e-c3ad-4352-96cd-ff13da3bfe06,quit.florist,available,32.99,32.99,high,low,4,namesilo,,,24/09/2026 13:22
d4432647-a38d-42e1-8297-d5304a631dc1,baden.florist,available,32.99,32.99,medium,low,5,namesilo,,,25/09/2026 13:59
e0a37f65-ed58-4210-9f7f-0830ce2a5f72,inquirer.florist,available,32.99,32.99,medium,low,8,namesilo,,,20/09/2026 14:22
4659eeda-c505-4ff4-8558-fffcf025d495,doggo.florist,available,31.98,41.98,medium,low,5,namecheap,,,14/09/2026 13:35
ab63ac2a-4570-4b89-9384-b37bc4a4b738,armorer.florist,available,32.99,32.99,medium,low,7,namesilo,,,20/09/2026 07:29
ee2aec6a-a8fb-43c4-ba89-6e641e493f29,odious.florist,available,14.99,46.99,medium,low,6,name.com,,,
e279320a-45f2-40da-a17e-0aaad09d82de,planets.florist,available,31.98,41.98,high,low,7,namecheap,,,18/09/2026 11:12
1f268e7a-47fc-402c-93ff-db2c25cd881e,bedpan.florist,available,32.99,32.99,medium,low,6,namesilo,,,22/09/2026 23:28
8be499fe-136f-4f36-bf99-2e97d9828c45,caledonian.florist,available,26.08,26.08,high,low,10,spaceship,,,28/09/2026 21:31
02a5e2c9-6df1-40dc-a2a9-a4a659128af9,aspic.florist,available,31.98,41.98,medium,low,5,namecheap,,,20/09/2026 15:11
6cacf323-b3a6-40c7-9957-ee3a0adf729e,reich.florist,available,26.08,26.08,high,low,5,spaceship,,,29/09/2026 02:01
7bf16b7f-76a6-4a5b-a5bf-43f2ba1d1da3,fetch.florist,available,26.08,26.08,high,low,5,spaceship,,,28/09/2026 05:42
23a52daf-9926-466d-a25a-7fbec6a761f4,biogeny.florist,available,31.98,41.98,medium,low,7,namecheap,,,23/09/2026 18:05
30f71317-47ce-4163-9f00-147a8b6b2f1e,absolutism.florist,available,31.98,41.98,medium,low,10,namecheap,,,16/09/2026 18:00
841a285a-38a4-49e7-9dc1-88c02d54b3b5,pyretic.florist,available,31.98,41.98,medium,low,7,namecheap,,,09/09/2026 07:03
95ff1d1a-1d54-4173-b3e4-0e6ef4e3a4ba,unemployment.florist,available,14.99,,high,low,12,name.com,,,
0b25964c-b0e4-4798-baa6-3d71002927ab,individuality.florist,available,26.08,26.08,medium,low,13,spaceship,,,01/10/2026 14:25
e16a3241-b345-41c7-95b4-c55edafd0a87,escorts.florist,available,8.24,26.26,medium,low,7,porkbun,,,02/10/2026 03:32
f2b9f404-020a-4e80-bc18-2aa3a2eeb7db,abyssinia.florist,available,31.98,41.98,high,low,9,namecheap,,,16/09/2026 19:52
ea9e3caa-4c52-47f0-a9c2-8514934d1166,bess.florist,available,26.08,26.08,high,low,4,spaceship,,,02/10/2026 00:00
e2104cef-f6f0-48aa-9132-695bed90de14,abortive.florist,available,14.99,46.99,medium,low,8,name.com,,,
d434a0e5-d11e-403b-aa4c-edc469f751b6,freetown.florist,available,32.99,32.99,high,low,8,namesilo,,,24/09/2026 12:22
032c42e2-297b-4076-bc95-96dd0acb36c4,aculeus.florist,available,32.99,32.99,medium,low,7,namesilo,,,17/09/2026 05:33
02387d59-c825-490e-a563-16696add74b2,retribution.florist,available,32.99,32.99,medium,low,11,namesilo,,,30/09/2026 05:59
72994612-4a6d-4468-a5ca-ab2cd10ce623,wal.florist,available,32.99,32.99,high,low,3,namesilo,,,29/09/2026 23:46
f02fe364-6413-4a62-ac25-4efc7f060e7b,punctually.florist,available,14.99,46.99,medium,low,10,name.com,,,14/09/2026 14:45
580c3908-6eaf-4c57-aaea-6bcaf3433369,unstable.florist,available,14.99,46.99,high,low,8,name.com,,,18/08/2026 09:17
c6009ef7-7201-44fd-bb04-6065ff394d44,newsstand.florist,available,32.99,32.99,medium,low,10,namesilo,,,17/09/2026 05:46
bb795e5d-ea9b-44a0-8c10-d7a8d2a8ba95,discontent.florist,available,14.99,46.99,medium,low,10,name.com,,,14/08/2026 09:59
cf63466c-d8f5-4c28-8963-2a3678a3b379,ich.florist,available,32.99,32.99,high,low,3,namesilo,,,01/10/2026 23:48
e7d5c6bd-1903-40a9-86f1-7dc568d2ff4e,reclusive.florist,available,31.98,41.98,medium,low,9,namecheap,,,09/09/2026 11:40
820e476e-1f2d-4fc5-a657-9e0d34182fd1,implant.florist,available,32.99,32.99,high,low,7,namesilo,,,29/09/2026 13:06
f54df88f-eaf6-4cdb-88ed-bcf7a4edec88,tray.florist,available,32.99,32.99,high,low,4,namesilo,,,02/10/2026 01:23
729d752e-d175-4b2e-8508-3c3dee13b235,rhomboid.florist,available,31.98,41.98,medium,low,8,namecheap,,,09/09/2026 16:47
4277ea02-0246-4e35-ac2f-b1d8b16c98bf,criticism.florist,available,31.98,41.98,high,low,9,namecheap,,,29/09/2026 12:07
5bd94f6e-a71b-46bc-8f54-b948173ef694,herald.florist,available,31.98,41.98,high,low,6,namecheap,,,16/09/2026 22:39
21c8818d-d1d8-4081-99de-67aa9df8f986,thallium.florist,available,32.99,32.99,medium,low,8,namesilo,,,20/09/2026 23:51
522137e8-5df4-44e2-a1d2-bdf1f540bacb,kicking.florist,available,8.24,26.97,high,low,7,dynadot,,,30/09/2026 01:20
96d984fb-82ec-470b-a6cf-c216d97e1f3f,tac.florist,available,8.24,26.26,high,low,3,porkbun,,,28/09/2026 23:09
9fff6f94-0032-47a4-a774-d3665c4b1d10,configuration.florist,available,32.99,32.99,medium,low,13,namesilo,,,29/09/2026 10:14
095eee18-4c6a-4a26-b9e1-40e4b18621f4,spotless.florist,available,14.99,46.99,high,low,8,name.com,,,21/08/2026 20:48
6e5b4264-bd1e-422e-a85c-2bdd631ecdc3,ethics.florist,available,32.99,32.99,high,low,6,namesilo,,,28/09/2026 05:38
6a6b1c2d-bc4f-4001-9502-0c900624c3b8,slouchy.florist,available,32.99,32.99,medium,low,7,namesilo,,,19/09/2026 04:23
86ec64df-7c26-4c15-83d5-9c864c8798e0,sheepdog.florist,available,14.99,,high,low,9,name.com,,,
d1d2f948-cdd2-41ec-9f9c-7b3740dd6a44,ldp.florist,available,32.99,32.99,high,low,3,namesilo,,,30/09/2026 03:15
ad3ebaa2-b3ff-4f0e-b1bf-4696eb008106,eye.florist,available,31.98,41.98,high,low,3,namecheap,,,23/09/2026 13:32
bc8146c9-aff0-4ce6-9e02-f7907819c09a,corrective.florist,available,32.99,32.99,high,low,10,namesilo,,,23/09/2026 23:46
afd3ebd2-0ce2-4b5f-a715-0ab44b47f7dc,certify.florist,available,14.99,46.99,high,low,7,name.com,,,24/08/2026 15:04
e36c1b13-c45b-490d-832e-bbcbc76125ba,misfortune.florist,available,32.99,32.99,medium,low,10,namesilo,,,21/09/2026 16:43
cd2d7be5-e934-4670-adb8-62a374277345,canonic.florist,available,14.99,46.99,medium,low,7,name.com,,,11/08/2026 17:22
aa8ea6f5-b77a-4512-9eb6-af9fe7f5c65d,brash.florist,available,14.99,46.99,medium,low,5,name.com,,,11/08/2026 02:25
0b8b4f93-d54c-496c-b785-55b23b958a4b,hugely.florist,available,31.98,41.98,medium,low,6,namecheap,,,14/09/2026 15:49
25c0d76e-3d71-4024-939a-30600048bef5,multiply.florist,available,31.98,41.98,high,low,8,namecheap,,,15/09/2026 15:37
97a7e3f9-946b-4a48-938d-dfce4587f287,believers.florist,available,31.98,41.98,high,low,9,namecheap,,,30/09/2026 13:58
aa616695-46f2-4079-8948-d3e73acfdf67,sextet.florist,available,14.99,46.99,medium,low,6,name.com,,,
6d932c69-1ee2-44cd-8697-7e14f998a871,repeated.florist,available,32.99,32.99,high,low,8,namesilo,,,27/09/2026 11:04
399c7d7a-90af-4b60-939d-fb71e01ad40a,connatural.florist,available,14.99,46.99,medium,low,10,name.com,,,12/08/2026 22:18
ce4301e1-46d2-4c58-a6f3-ee6a6e3b3e0f,ackerman.florist,available,26.08,26.08,medium,low,8,spaceship,,,28/09/2026 18:14
f6382ae2-42d3-4c05-8958-7488f3901bed,crawling.florist,available,32.99,32.99,medium,low,8,namesilo,,,28/09/2026 05:30
93d51179-1a80-4ae1-9bd2-891333805ee0,housewives.florist,available,32.99,32.99,medium,low,10,namesilo,,,30/09/2026 07:09
b13fc999-b907-4500-9adb-9a2d2f4a3989,decorations.florist,available,25.2,25.2,high,low,11,cloudflare,,,28/09/2026 23:03
d105d360-e9f7-48a6-b394-fc901f68bc36,kathleen.florist,premium,78.54,78.54,high,low,8,namesilo,,,25/09/2026 14:34
17e20135-513f-4865-b341-73005bd3614c,delirious.florist,available,14.99,46.99,medium,low,9,name.com,,,14/08/2026 00:44
ed8ede44-896d-4210-b37b-440dd3f9db2c,plowed.florist,available,31.98,41.98,medium,low,6,namecheap,,,08/09/2026 21:24
1827b386-ab0b-4e83-bec8-7befb1576571,inimical.florist,available,14.99,46.99,medium,low,8,name.com,,,22/08/2026 05:20
7fc9abef-3a1a-42a9-92d4-e2b494e2f71f,particular.florist,available,31.98,41.98,high,low,10,namecheap,,,24/09/2026 18:23
208e9856-c72f-424c-8ea3-30510ecd2bf8,rong.florist,available,31.98,41.98,low,low,4,namecheap,,,02/10/2026 02:50
58b6cd91-70e4-4d02-bec8-bbfa6a0c03a3,recherche.florist,available,31.98,41.98,high,low,9,namecheap,,,09/09/2026 11:27
66dca8d3-55e3-467f-9e17-3fee6ba21539,byzantine.florist,available,14.99,46.99,medium,low,9,name.com,,,11/08/2026 12:12
2bf3c17b-81d5-4d8e-b30a-0078c1570ac2,thankless.florist,available,31.98,41.98,medium,low,9,namecheap,,,11/09/2026 12:28
f03a3673-28db-4bfc-917e-ab71b444d529,gathered.florist,available,14.99,46.99,high,low,8,name.com,,,12/08/2026 17:02
b1f4f4f1-2be7-4020-8472-226b03919c94,polypropylene.florist,available,32.99,32.99,medium,low,13,namesilo,,,30/09/2026 23:16
237b4c18-64c1-44cb-a03e-47eda44ed706,esl.florist,available,8.24,26.97,high,low,3,dynadot,,,29/09/2026 23:53
a8f3ce28-de6e-4fd4-b4ae-a9bb055f0f69,charge.florist,available,8.24,26.26,high,low,6,porkbun,,,28/09/2026 22:08
8f593456-84aa-45fa-9e04-e5e891a1c6b9,wristband.florist,available,32.99,32.99,high,low,9,namesilo,,,24/09/2026 07:49
c45be9ad-bd24-4c92-8f0c-8d99e1da9f32,louvered.florist,available,14.99,46.99,medium,low,8,name.com,,,24/08/2026 10:04
34d7e236-6199-4174-bc6c-43862eede6b6,gershwin.florist,available,49.99,49.99,high,low,8,godaddy,,,30/09/2026 01:44
23c89695-a79a-4ea5-9b16-f68bea288430,twopenny.florist,available,31.98,41.98,medium,low,8,namecheap,,,10/09/2026 09:10
3b64818d-29d3-4717-bba3-eb266533c1e1,adolphus.florist,available,32.99,32.99,medium,low,8,namesilo,,,29/09/2026 15:26
1e08d59a-3dee-4aab-8ec3-a0dcb96b84ed,newbury.florist,available,32.99,32.99,medium,low,7,namesilo,,,28/09/2026 03:59
5c013e2b-0aed-4faa-9dd2-db458af37885,goldsmith.florist,available,26.08,26.08,high,low,9,spaceship,,,01/10/2026 19:50
e3e59489-e59e-4fb3-915a-f754b3f819c7,creditably.florist,available,31.98,41.98,medium,low,10,namecheap,,,14/09/2026 09:30
e96b600e-20ad-469d-b3d5-03128cdeb79c,peterborough.florist,available,8.24,26.26,medium,low,12,porkbun,,,28/09/2026 07:36
c7dbd340-ff7f-4fc3-9184-1b9a729b7334,addicts.florist,available,26.08,26.08,medium,low,7,spaceship,,,01/10/2026 00:46
a5033a7c-1158-43c4-ad1a-076974898903,arhus.florist,available,31.98,41.98,medium,low,5,namecheap,,,16/09/2026 13:26
f88207a2-7b37-4b05-811b-4c2316f37594,acromion.florist,available,32.99,32.99,medium,low,8,namesilo,,,17/09/2026 03:49
32a4832e-63b1-440f-a93d-4492ae4cad72,hostess.florist,available,14.99,46.99,high,low,7,name.com,,,17/09/2026 22:27
4dce390e-2cce-40f8-993b-21dead96715b,blasting.florist,available,14.99,46.99,high,low,8,name.com,,,10/08/2026 13:10
c8bb5514-2c08-442f-939e-4252ee976df5,amused.florist,available,14.99,46.99,high,low,6,name.com,,,
cf6c0139-c262-4fc6-bbab-febad2c8848b,adhd.florist,available,32.99,32.99,high,medium,4,namesilo,,,17/09/2026 06:35
7f3cd76f-0170-48ba-a9ec-7e1ed17da1e8,sportswear.florist,available,32.99,32.99,high,low,10,namesilo,,,17/09/2026 05:14
7043c507-eb84-455a-85df-b3f4c2494fd0,ontogeny.florist,available,14.99,46.99,medium,low,8,name.com,,,20/08/2026 20:29
16d1b177-e4a4-46dd-90d0-c7e82e01b749,winn.florist,available,8.24,26.26,high,low,4,porkbun,,,29/09/2026 15:04
e0aaa67b-e6dc-45b7-840b-1c2e1feedfca,addendum.florist,available,32.99,32.99,medium,low,8,namesilo,,,17/09/2026 06:41
960acd62-3aae-457a-a4cd-fc035757bd2f,serve.florist,available,32.99,32.99,high,low,5,namesilo,,,29/09/2026 15:49
962c706a-086a-4124-a985-72238612b4b1,crm.florist,available,32.99,32.99,high,medium,3,namesilo,,,01/10/2026 05:32
03f31cc6-0a07-4c4e-8597-b8a599c7f0cb,pyle.florist,available,25.2,25.2,medium,low,4,cloudflare,,,29/09/2026 07:17
bd05aa4e-01e1-4387-a8be-4d3b5499c26c,clanking.florist,available,14.99,46.99,medium,low,8,name.com,,,12/08/2026 09:33
a61adb1a-fcb5-4c1d-b8dd-64fb93adb6fc,impression.florist,available,25.2,25.2,high,low,10,cloudflare,,,29/09/2026 23:38
8f7bdeb6-d662-46a9-9275-8a4bfd5a771f,lynchburg.florist,available,25.2,25.2,medium,low,9,cloudflare,,,28/09/2026 14:48
8ed1dbef-b5d0-4efa-a03d-048c3ce86872,cathouse.florist,available,31.98,41.98,medium,low,8,namecheap,,,21/09/2026 18:24
b16acb52-a691-4ddf-9896-3422947f54ac,groove.florist,available,32.99,32.99,high,low,6,namesilo,,,28/09/2026 05:49
6970d5c0-2db9-4c14-bbf1-ebc9aac7d9ee,readings.florist,available,32.99,32.99,medium,low,8,namesilo,,,28/09/2026 23:42
233b4bbd-91c5-4fa1-9142-ea2bf804ede0,waited.florist,available,32.99,32.99,medium,low,6,namesilo,,,18/09/2026 01:45
4848ef67-51c1-48dc-a5f0-d80606f76272,hieratic.florist,available,14.99,46.99,medium,low,8,name.com,,,21/08/2026 08:24
ddaf1bfb-2c82-4ec7-a2ed-858548e0af76,como.florist,available,31.98,41.98,high,low,4,namecheap,,,27/09/2026 07:01
58f0a3e7-ad61-404e-b8b5-1f46dfa48c1b,androgen.florist,available,32.99,32.99,medium,low,8,namesilo,,,19/09/2026 04:53
8892b91d-36b9-4a44-b9b4-1e28b33b1fdd,quiz.florist,available,8.24,26.97,high,low,4,dynadot,,,02/10/2026 00:22
70d0ba0b-b94c-4ed3-afe6-a196eebbe69f,filipino.florist,available,14.99,46.99,high,low,8,name.com,,,18/08/2026 04:19
85179ad8-56a5-453b-bbca-e55aa9f3b889,uppity.florist,available,31.98,41.98,medium,low,6,namecheap,,,12/09/2026 23:17
daa722d9-a535-4aef-9760-dc39da0dceaf,bacterial.florist,available,14.99,46.99,high,low,9,name.com,,,22/09/2026 16:00
70d88e7e-0f1a-4969-adf5-dae6a9776648,lawless.florist,available,14.99,46.99,medium,low,7,name.com,,,
e468417b-f75d-4c3c-b94c-115a6529510f,sirens.florist,available,31.98,41.98,medium,low,6,namecheap,,,21/09/2026 02:34
6b93c146-edd1-429d-8565-5b6d98da6ffb,riemannian.florist,available,31.98,41.98,medium,low,10,namecheap,,,09/09/2026 17:21
77813bcd-e1f8-435e-94f8-face132ad720,service.florist,available,8.24,26.26,high,medium,7,porkbun,,,01/10/2026 05:32
65f9bccc-2a3a-44af-a25b-bb2447bb78a0,exotic.florist,premium,123.75,123.75,high,low,6,name.com,,,17/08/2026 17:49
3adec8fb-2208-4078-b765-3df0df0bd2db,solved.florist,available,31.98,41.98,high,low,6,namecheap,,,10/09/2026 13:46
b4b93678-f69e-41e1-b015-9b1bb6f869dc,coddle.florist,available,32.99,32.99,high,low,6,namesilo,,,21/09/2026 13:03
060c8b9d-97c6-49cb-9e3d-b91f9a88b4f2,radiology.florist,available,26.08,26.08,high,low,9,spaceship,,,30/09/2026 10:55
c6c4d652-44d3-48c8-a557-41ed72719413,hassan.florist,available,32.99,32.99,high,low,6,namesilo,,,27/09/2026 07:26
5e8299f5-e321-49f3-993d-b57e5f5bf881,reasons.florist,available,31.98,41.98,medium,low,7,namecheap,,,25/09/2026 20:13
75e37cac-22d0-4ec3-bffc-37e2763370da,brachial.florist,available,14.99,46.99,medium,low,8,name.com,,,11/08/2026 00:19
6199f45a-4653-44af-a28e-a1a8f3a9531e,foothold.florist,available,31.98,41.98,high,low,8,namecheap,,,24/09/2026 10:16
f09b776f-5f54-407d-83bc-76275f0ddd98,elders.florist,available,26.08,26.08,low,low,6,spaceship,,,28/09/2026 08:45
c66436a8-ed62-4e30-806a-56e57351f45d,odyssey.florist,available,25.2,25.2,high,medium,7,cloudflare,,,29/09/2026 19:51
c0a5e690-4d07-4dce-9d77-a381d6846d09,framed.florist,available,14.99,46.99,high,low,6,name.com,,,18/08/2026 14:04
6dc285fe-8d4b-4f5b-9ebc-cc8a3eb343f5,pester.florist,available,32.99,32.99,medium,low,6,namesilo,,,21/09/2026 17:02
9156da89-aaaf-4200-b0c8-fc3841c799b5,acetin.florist,available,31.98,41.98,medium,low,6,namecheap,,,17/09/2026 00:06
a2c7ca5f-3096-4ce3-976b-93dc213ac9ae,tasks.florist,available,14.99,,high,low,5,name.com,,,
ec238daa-63cb-4fff-8a1c-9ce25d31dfe7,flush.florist,available,14.99,46.99,high,low,5,name.com,,,
0824390b-898f-4f68-85cf-40c2e58d8fb9,affine.florist,available,14.99,46.99,high,low,6,name.com,,,
a652e162-0225-4073-9f1f-45780d65e6ed,provo.florist,available,32.99,32.99,high,low,5,namesilo,,,29/09/2026 01:55
9e3c38f8-ce9a-47db-b4c1-a9dfa8905d04,reese.florist,available,8.24,26.26,high,low,5,porkbun,,,27/09/2026 20:02
60fb372e-4c43-4595-a13f-6c187fa33080,winter.florist,available,32.99,32.99,high,low,6,namesilo,,,25/09/2026 11:04
e87e0653-5bb6-43dc-ba0f-e610279a8865,meaningless.florist,available,26.08,26.08,medium,low,11,spaceship,,,28/09/2026 15:49
b78d884f-bf49-4a2e-a6a7-19a521031af8,raf.florist,available,32.99,32.99,high,low,3,namesilo,,,27/09/2026 05:07
a37bfe02-2193-482d-9aed-0575ca9033bc,proceeding.florist,available,26.08,26.08,high,low,10,spaceship,,,28/09/2026 10:14
6a6e8efe-8c57-4b1a-b4b7-d7bb7dafd3fe,rapist.florist,available,32.99,32.99,high,low,6,namesilo,,,30/09/2026 10:57
55305ffa-c04a-4db7-8bf1-ceaae5d7d55d,sported.florist,available,32.99,32.99,medium,low,7,namesilo,,,20/09/2026 16:50
332c28b9-337f-4bb4-98cd-01b0308ece6b,spiky.florist,available,14.99,46.99,medium,low,5,name.com,,,08/09/2026 11:12
10274055-fa17-404c-bf53-ed11943a2448,kyushu.florist,available,26.08,26.08,medium,low,6,spaceship,,,29/09/2026 01:31
171f9554-50ae-4c1b-9bb1-a68ac8ae4e8a,unopposed.florist,available,31.98,41.98,medium,low,9,namecheap,,,12/09/2026 16:16
a3556ef5-a844-47d4-82dc-f8a4410316be,darren.florist,available,31.98,41.98,high,low,6,namecheap,,,28/09/2026 11:25
c2ed3a19-6d3a-407a-bc2f-63d60d593309,gabriel.florist,available,32.99,32.99,high,medium,7,namesilo,,,28/09/2026 05:49
3252d5e5-fdb5-4563-b800-534073d1559d,mustafa.florist,available,25.2,25.2,high,low,7,cloudflare,,,28/09/2026 11:56
d4e7ca57-baae-4a86-8c76-b45348ad9b03,damaging.florist,available,14.99,46.99,medium,low,8,name.com,,,13/08/2026 16:05
8ec29ad1-fe0a-459f-ad2a-ee852cd526e7,ulcer.florist,available,26.08,26.08,medium,low,5,spaceship,,,30/09/2026 11:13
13ade4ed-7e64-4cc2-807c-669bbca0570e,macaulay.florist,available,32.99,32.99,medium,low,8,namesilo,,,28/09/2026 14:12
5f612cd3-68f8-4bd9-b5c8-39286c2a5e1d,fusible.florist,available,14.99,46.99,medium,low,7,name.com,,,18/08/2026 19:06
76912da9-520b-4fea-b785-94d6dfa5ef5f,nate.florist,available,31.98,41.98,high,low,4,namecheap,,,25/09/2026 13:42
8f004ffe-df23-4ca0-8905-84ec298b3a31,parke.florist,available,26.08,26.08,medium,low,5,spaceship,,,28/09/2026 22:16
96093555-5900-4cf1-96c3-2fc7cb24d3b4,sorority.florist,available,25.2,25.2,high,low,8,cloudflare,,,01/10/2026 03:45
47c53cb9-99b5-4232-ba1f-6310a7565806,sociological.florist,available,26.08,26.08,high,low,12,spaceship,,,02/10/2026 01:58
89fb7e3f-81e0-437e-81cc-64758f2c2634,bantam.florist,available,14.99,46.99,medium,low,6,name.com,,,08/08/2026 14:01
749d7220-752c-4122-9f21-6237eda0a7ee,capabilities.florist,available,25.2,25.2,medium,low,12,cloudflare,,,29/09/2026 11:06
1daea7c7-05d0-4a9b-8adc-f574f5e62af9,actuation.florist,available,32.99,32.99,medium,low,9,namesilo,,,17/09/2026 05:23
33f2dd3b-4533-4a77-bd01-16fab89296f8,tantric.florist,available,31.98,41.98,high,low,7,namecheap,,,11/09/2026 08:05
573e9c13-9719-4f7e-af5d-1cc132961605,timetables.florist,available,32.99,32.99,medium,low,10,namesilo,,,20/09/2026 12:23
3edb06b5-388d-4da8-9c00-87bfc0cf43ba,apus.florist,available,31.98,41.98,medium,low,4,namecheap,,,19/09/2026 22:43
a64ebc84-db65-4d13-9368-8265dcef24ac,metastable.florist,available,14.99,46.99,medium,low,10,name.com,,,24/08/2026 21:47
4be2b174-2b61-4caf-8b35-eb091a2767a4,septic.florist,available,14.99,46.99,high,low,6,name.com,,,22/08/2026 04:07
40e9b440-007a-421f-8b8e-ccb1ac7909c6,increasing.florist,available,32.99,32.99,high,low,10,namesilo,,,25/09/2026 08:12
5dc5a0b0-621c-4b4e-b685-cb4bebd78c4e,agnostical.florist,available,14.99,46.99,medium,low,10,name.com,,,
7cba92f2-d7e5-4f61-9d71-252af963fbe7,polly.florist,available,32.99,32.99,high,low,5,namesilo,,,28/09/2026 07:34
a0b9e24d-c611-4c74-8066-a391aebc6870,bounded.florist,available,14.99,46.99,medium,low,7,name.com,,,10/08/2026 21:52
68b8d089-7285-4245-89f4-3344b6b669a3,parasite.florist,available,25.2,25.2,medium,low,8,cloudflare,,,29/09/2026 01:47
2cb23ac5-a34a-4a89-8545-4dc8604e7879,forthcoming.florist,available,26.08,26.08,high,low,11,spaceship,,,29/09/2026 14:27
c1075cf6-ce8e-4d83-bd7a-8e61145f4a31,obliging.florist,available,14.99,46.99,high,low,8,name.com,,,12/08/2026 19:27
c76909ff-15dc-4d31-8754-8ecaa531a28a,fourier.florist,available,32.99,32.99,medium,low,7,namesilo,,,22/09/2026 07:13
084d4491-d1da-458b-a42a-bbe70fb7b156,savings.florist,available,32.99,32.99,high,low,7,namesilo,,,02/10/2026 01:13
ca61f7ce-6429-411b-b1cc-b0ea7b77a803,plaque.florist,available,8.24,26.97,high,low,6,dynadot,,,29/09/2026 01:38
d7300249-d06a-48e2-a1ae-b3a843fd3971,dulcet.florist,available,14.99,46.99,high,low,6,name.com,,,14/08/2026 20:59
c1b881e9-2917-432b-9683-0f6d2ca5a556,wenatchee.florist,available,26.08,26.08,medium,low,9,spaceship,,,02/10/2026 01:11
566c2830-6120-4a11-a4d2-bfc62dadf8ab,impartial.florist,available,14.99,46.99,high,low,9,name.com,,,21/08/2026 21:45
1be7adde-0236-4d4d-a341-d446d9687278,victories.florist,available,32.99,32.99,medium,low,9,namesilo,,,18/09/2026 09:23
170e8f72-fd58-404a-a611-82e45696767f,bandits.florist,available,32.99,32.99,medium,low,7,namesilo,,,21/09/2026 01:18
6b63a7d9-89a3-4b50-b64b-c420a6236cd5,brecht.florist,available,32.99,32.99,high,low,6,namesilo,,,23/09/2026 10:18
a8134a99-cbcc-43b8-afe4-58de8af53105,recoil.florist,available,32.99,32.99,high,low,6,namesilo,,,21/09/2026 15:32
4adf4d3b-9dd6-4668-be86-5ccb1bffe9b6,fascism.florist,available,25.2,25.2,medium,low,7,cloudflare,,,30/09/2026 01:35
eca7c753-1f0d-4c34-8361-0821c0f2e6f3,webmasters.florist,available,32.99,32.99,medium,low,10,namesilo,,,18/09/2026 23:06
5140e70f-2b9a-407d-8320-ab4574e1523a,springtime.florist,available,14.99,,high,low,11,name.com,,,
f4d881da-0335-448d-8ff0-63d2baba2147,alberta.florist,available,32.99,32.99,high,low,7,namesilo,,,18/09/2026 02:45
11746368-e0f5-465d-848a-7262dc1204a5,grouse.florist,available,32.99,32.99,high,low,6,namesilo,,,23/09/2026 00:24
7db64d0f-69c9-486d-b5f2-31ddcaa9e8ab,actionable.florist,available,32.99,32.99,high,low,10,namesilo,,,21/09/2026 16:28
36678914-3525-4e78-8270-b8f9c81e53e6,decks.florist,available,26.08,26.08,medium,low,5,spaceship,,,29/09/2026 05:44
916baa97-c882-4449-a846-0e84f059f439,goodall.florist,available,32.99,32.99,medium,low,7,namesilo,,,30/09/2026 09:56
1d939cb4-f543-4bdb-804c-45d90daf73d9,altruistic.florist,available,32.99,32.99,high,low,10,namesilo,,,22/09/2026 02:48
23f42f26-a620-41a0-9372-47480e17198c,jungly.florist,available,14.99,46.99,medium,low,6,name.com,,,22/08/2026 14:27
d21e81e5-27c7-44f7-b6c9-11c7447e8511,great.florist,premium,78.54,78.54,high,medium,5,namesilo,,,22/09/2026 16:53
da5891d0-b2ca-43b5-bc15-f49f2efa3eb8,censor.florist,available,32.99,32.99,high,low,6,namesilo,,,22/09/2026 00:43
c0e39139-2349-4027-968c-be85f2e68cd3,executed.florist,available,14.99,46.99,high,low,8,name.com,,,17/08/2026 16:55
09ed089a-476a-4fe7-ac4c-c210d4eea528,dispense.florist,available,26.08,26.08,high,low,8,spaceship,,,01/10/2026 04:11
cc114521-56c8-455f-83b4-8cb282528880,pollution.florist,available,32.99,32.99,medium,low,9,namesilo,,,23/09/2026 02:05
59235918-38c2-421a-b4ae-c1259aa52e17,ricky.florist,available,8.24,26.26,high,low,5,porkbun,,,27/09/2026 19:08
8f13f0d5-f8ff-47a0-9393-688b1bc2326b,carew.florist,available,25.2,25.2,medium,low,5,cloudflare,,,30/09/2026 00:59
a8a4662c-aa00-4c73-8580-46127dfc764c,unobserved.florist,available,31.98,41.98,medium,low,10,namecheap,,,12/09/2026 16:04
2f6d892b-cd3b-4424-96a5-06769bf192aa,torrey.florist,available,8.24,26.97,medium,low,6,dynadot,,,29/09/2026 09:58
535f5268-69da-46b7-ae97-06187983fab8,quivering.florist,available,31.98,41.98,medium,low,9,namecheap,,,11/09/2026 19:15
cd3e6d61-5e2f-4111-8e28-f86c8fe86999,sneezewort.florist,available,31.98,41.98,medium,low,10,namecheap,,,17/09/2026 00:38
b79a826e-b4c2-472c-8939-56a6729d45f7,greene.florist,available,32.99,32.99,high,low,6,namesilo,,,25/09/2026 06:41
fbe8fdd7-b4ae-490c-8a0e-954f47417e41,loading.florist,available,31.98,41.98,high,low,7,namecheap,,,24/09/2026 12:57
18953038-333e-49e3-8487-7a24002ca00b,nugatory.florist,available,31.98,41.98,low,low,8,namecheap,,,03/09/2026 22:26
be7accdc-e029-4a14-9e68-975f4ee6769a,benzedrine.florist,available,32.99,32.99,medium,low,10,namesilo,,,23/09/2026 08:31
311721bf-42f9-428f-82c9-127b619d034c,medieval.florist,available,14.99,46.99,high,low,8,name.com,,,12/08/2026 06:12
01559c88-0acf-48ae-89f3-d296399c7782,antique.florist,available,14.99,46.99,high,low,7,name.com,,,21/09/2026 22:23
03c15ea8-fc4b-4962-8092-d0117eda66e3,madonna.florist,available,31.98,41.98,high,low,7,namecheap,,,24/09/2026 06:06
ff7eaf04-126b-4c95-bf08-a3299ddd984e,unstuck.florist,available,31.98,41.98,medium,low,7,namecheap,,,12/09/2026 20:40
08d20c82-bdf3-4680-8f67-aa3cc4de15b5,explorers.florist,available,26.08,26.08,medium,low,9,spaceship,,,30/09/2026 07:27
d659378a-ad82-49a1-bb1d-d57cff8428ce,speeds.florist,available,32.99,32.99,medium,low,6,namesilo,,,20/09/2026 02:30
3a8cb607-d868-4395-a9fb-b5494c10be38,citified.florist,available,14.99,46.99,medium,low,8,name.com,,,12/08/2026 08:47
40eb6fe9-b890-4d4f-bbbd-27fd80600e5b,dreamlike.florist,available,14.99,46.99,high,low,9,name.com,,,14/08/2026 18:45
1f5a5132-0d18-4589-8477-538c3e03e51e,arena.florist,available,26.08,26.08,high,medium,5,spaceship,,,28/09/2026 22:03
5f7b58e2-e0d1-4669-bc42-a0a6dce8457f,peak.florist,available,31.98,41.98,high,medium,4,namecheap,,,24/09/2026 20:27
3b12ad7f-4574-4bd2-9344-469c45c51d47,thespian.florist,available,31.98,41.98,high,low,8,namecheap,,,11/09/2026 13:05
7825b89d-c3d5-4936-91bd-1f19dd5a8c13,vinyl.florist,available,26.08,26.08,high,low,5,spaceship,,,29/09/2026 20:35
60a22d0c-98b1-4ff1-be1f-4f24fac9a103,lagger.florist,available,14.99,46.99,medium,low,6,name.com,,,22/08/2026 18:42
8e5398f9-5073-4194-b73f-ada7d62e1c3e,remembering.florist,available,14.99,,high,low,11,name.com,,,
794e0f06-db6e-43f6-84dc-b45a8f25f1bd,jennifer.florist,premium,78.54,78.54,high,low,8,namesilo,,,25/09/2026 14:21
e1f999ea-c8b7-4135-bb4f-e55cb94ab592,orderly.florist,available,31.98,41.98,high,low,7,namecheap,,,03/09/2026 14:34
4871b13e-3e3f-4053-b704-bce31108be7b,caucasian.florist,available,14.99,46.99,high,low,9,name.com,,,11/08/2026 22:16
0a3db885-4afa-4a74-b1ee-59e9291f3514,alabaman.florist,available,31.98,41.98,medium,low,8,namecheap,,,18/09/2026 01:35
b4bb851a-e572-4962-a556-f78eea6394ec,shy.florist,available,26.08,26.08,high,low,3,spaceship,,,27/09/2026 21:35
90c03c0f-7a98-4cf9-b8b5-bef4058ab673,graphic.florist,available,8.24,26.97,high,low,7,dynadot,,,01/10/2026 15:47
26a5890a-e717-48d0-b5cc-cd129886c50d,nanny.florist,available,26.08,26.08,medium,low,5,spaceship,,,28/09/2026 10:30
4e7884c5-6429-4c2b-a40d-6d0cd24ad913,framework.florist,available,14.99,46.99,high,low,9,name.com,,,25/08/2026 02:30
a7cca695-6ff5-49ff-b645-22b4da3bb2a2,teenager.florist,available,31.98,41.98,high,low,8,namecheap,,,21/09/2026 19:08
1e835ae6-544e-46de-8a64-cf0acf9becee,catarrhine.florist,available,14.99,46.99,medium,low,10,name.com,,,11/08/2026 21:11
46d60e4a-05f6-4c07-897a-59571d52f304,boiled.florist,available,14.99,46.99,high,low,6,name.com,,,10/08/2026 17:32
724176f1-1d6f-4fea-a646-edc29d8675ad,hangs.florist,available,26.08,26.08,low,low,5,spaceship,,,28/09/2026 08:56
2567f013-e7fb-407f-8f68-92e475c86765,isosceles.florist,available,14.99,46.99,medium,low,9,name.com,,,22/08/2026 11:16
80340c68-92b1-40cb-b7d8-e0b18ab700b5,abducted.florist,available,32.99,32.99,medium,low,8,namesilo,,,29/09/2026 05:02
a707ac1d-a3f1-457d-98f7-45474880ee23,documents.florist,available,14.99,,high,low,9,name.com,,,
b4076641-5687-45bc-a12e-403ba5189fc4,intends.florist,available,25.2,25.2,medium,low,7,cloudflare,,,29/09/2026 11:20
3f3eb40d-3da0-4c24-8534-4340234e1375,almandine.florist,available,32.99,32.99,medium,low,9,namesilo,,,18/09/2026 12:29
d809ccfd-aa24-4fd0-a66d-64df1d82429e,atmospheric.florist,available,26.08,26.08,high,low,11,spaceship,,,29/09/2026 21:02
53fda9cf-f4df-4ef4-be35-38e421080ac9,kin.florist,available,14.99,46.99,high,low,3,name.com,,,22/08/2026 16:00
0f41e15c-e524-4726-91e0-40f5d929812e,mona.florist,available,32.99,32.99,high,low,4,namesilo,,,19/09/2026 06:28
a44df7ac-05ae-4705-beac-fccc088cdf88,signatures.florist,available,31.98,41.98,medium,low,10,namecheap,,,28/09/2026 23:59
6062fbd5-b496-4307-ba09-76bf5ed84204,airtight.florist,available,14.99,46.99,high,low,8,name.com,,,
d9b042c0-42c1-4a7c-ac88-0146bf838f8d,undesigned.florist,available,14.99,46.99,medium,low,10,name.com,,,12/09/2026 07:46
295e0875-e15f-4170-a729-33dcc0248f79,font.florist,available,32.99,32.99,high,low,4,namesilo,,,22/09/2026 03:31
10f4e43a-502c-44bd-ab39-7c8ea797fc39,deteriorate.florist,available,26.08,26.08,medium,low,11,spaceship,,,01/10/2026 22:25
80011b3f-bec6-474a-89f4-e34ac0903088,famous.florist,available,32.99,32.99,high,low,6,namesilo,,,23/09/2026 13:15
5bfe11a5-4cf2-46f3-b89d-738f252802ae,corruption.florist,available,31.98,41.98,medium,low,10,namecheap,,,29/09/2026 11:41
2d9148c7-4b87-4b6a-9ef7-ce7cc17ba2aa,reasonably.florist,available,32.99,32.99,medium,low,10,namesilo,,,25/09/2026 11:58
f0f72d90-5cf6-42ed-bb53-24e1343adb63,reduction.florist,available,32.99,32.99,high,low,9,namesilo,,,29/09/2026 07:57
d8572746-0ccc-4dbb-af76-cfa137675c0b,antichrist.florist,available,32.99,32.99,medium,low,10,namesilo,,,19/09/2026 14:15
545ad7dc-cba1-449e-9314-29fc7e96a8ca,thirties.florist,available,31.98,41.98,medium,low,8,namecheap,,,16/09/2026 12:05
cf8579f9-237d-491c-8c83-b2fa92aeee9b,jealousy.florist,available,8.24,26.97,medium,low,8,dynadot,,,28/09/2026 09:57
06ce2e26-ebdd-483e-ba45-7448f81f7d35,sponge.florist,available,14.99,46.99,high,low,6,name.com,,,11/08/2026 09:32
fc347d48-3b8c-4dba-adc3-f154d45cd0b6,heartbreak.florist,available,32.99,32.99,high,low,10,namesilo,,,30/09/2026 00:54
eba5d6cf-2382-4519-9837-5a0be9188c60,gilded.florist,available,14.99,46.99,high,low,6,name.com,,,14/08/2026 00:55
dd069927-2b9e-41ca-8d86-3e1b65422e28,horns.florist,available,32.99,32.99,medium,low,5,namesilo,,,17/09/2026 08:11
ffae2977-1dce-43af-9e74-53ffa1fb1f50,picture.florist,available,32.99,32.99,high,low,7,namesilo,,,24/09/2026 16:54
5af1a30c-e651-440d-b0b4-061c482b632b,reveal.florist,available,25.2,25.2,high,low,6,cloudflare,,,30/09/2026 16:44
6a9a48b5-7f23-4716-b7b6-5e7489fb3ce8,knack.florist,available,32.99,32.99,high,low,5,namesilo,,,01/10/2026 02:24
f2c2af57-8b4f-4b61-8b09-a4e43f3f573f,sunroof.florist,available,26.08,26.08,high,low,7,spaceship,,,30/09/2026 12:27
64aa18f4-c690-44b2-8ba6-9571d029f602,configured.florist,available,14.99,46.99,high,low,10,name.com,,,12/08/2026 20:47
c5080eee-924e-4ead-ad7d-f5c61efaa0b3,objective.florist,available,31.98,41.98,high,low,9,namecheap,,,03/09/2026 20:47
1fa39a09-e849-4af5-8808-98fb583978a8,toddler.florist,available,26.08,26.08,high,low,7,spaceship,,,29/09/2026 00:53
4cfdb761-fd81-42e8-9923-773bf2fcb64f,dorsal.florist,available,14.99,46.99,high,low,6,name.com,,,
288ab26c-3927-4409-8819-81413869243f,youthfully.florist,available,31.98,41.98,medium,low,10,namecheap,,,16/09/2026 11:49
88dcd44e-ec51-4cab-8d1c-c7a70bd6ab25,minutely.florist,available,31.98,41.98,medium,low,8,namecheap,,,15/09/2026 15:04
d9dab389-de7c-4da6-8cfd-f16f2f73f470,clem.florist,available,26.08,26.08,medium,low,4,spaceship,,,01/10/2026 22:57
dfe54ace-f36b-45fa-a47c-62a28640e850,botany.florist,available,25.2,25.2,high,low,6,cloudflare,,,01/10/2026 02:32
3ff9faea-f57a-4104-bc31-6f2b29d20144,swarthy.florist,available,31.98,41.98,medium,low,7,namecheap,,,11/09/2026 05:25
44d3059d-438a-4026-8431-371643be7002,hangout.florist,available,14.99,,high,low,8,name.com,,,
8058aecb-b00d-4691-bc4e-621f1690512a,inharmonic.florist,available,14.99,46.99,low,low,10,name.com,,,14/08/2026 10:54
2c23009f-d429-4c22-ad27-7435abb45372,vibrate.florist,available,31.98,41.98,high,low,7,namecheap,,,30/09/2026 20:16
7d7987b4-ec5b-4083-9bb8-7bf8fd47ddd9,protagonist.florist,available,32.99,32.99,high,low,11,namesilo,,,01/10/2026 22:20
2d4f96c4-0cc4-49a5-80cf-e9e5896271f5,aphid.florist,available,31.98,41.98,medium,low,5,namecheap,,,19/09/2026 16:56
e6892570-3ebd-4500-aca1-867394791f4d,awful.florist,available,32.99,32.99,high,low,5,namesilo,,,22/09/2026 15:06
de344325-b879-43f9-a8ed-81f0b8534a3d,officious.florist,available,14.99,46.99,medium,low,9,name.com,,,11/08/2026 11:26
5b0770ed-4bbd-40ea-9509-15941512e207,stooping.florist,available,14.99,46.99,medium,low,8,name.com,,,21/08/2026 15:34
33ad21a8-2ff2-4c43-9e55-8b06c0944849,outta.florist,available,31.98,41.98,medium,low,5,namecheap,,,29/09/2026 20:53
b95ddb8d-a231-4429-9fce-bc72b0cd8320,otsego.florist,available,32.99,32.99,medium,low,6,namesilo,,,02/10/2026 01:06
786e547f-f190-4e50-aee1-848b85937256,student.florist,available,25.2,25.2,high,low,7,cloudflare,,,29/09/2026 03:37
93ccaf6c-21d8-4f0b-8dae-ef5dfdc25b81,arak.florist,available,32.99,32.99,medium,low,4,namesilo,,,19/09/2026 23:47
fd2136c0-f8df-4439-a53e-74873a9d8acc,rotund.florist,available,14.99,46.99,medium,low,6,name.com,,,13/08/2026 01:59
10ca6dd5-8442-4c4b-a3d4-b9f6b3f429d1,folklore.florist,available,32.99,32.99,high,low,8,namesilo,,,30/09/2026 01:40
5f0db9c7-cbe4-4a63-8ab9-f8a6c275176b,braw.florist,available,14.99,46.99,medium,low,4,name.com,,,11/08/2026 02:45
4355d06e-aa49-4b07-a50c-a7aef7aa5d68,psychologists.florist,available,26.08,26.08,medium,low,13,spaceship,,,01/10/2026 18:37
0a02af2b-0325-42c4-a697-9f3687786b1a,topnotch.florist,available,14.99,46.99,high,low,8,name.com,,,
3d823036-5e6c-49b9-83e4-aa0e9bc32d8b,experimenters.florist,available,8.24,26.97,medium,low,13,dynadot,,,02/10/2026 03:51
2852828d-6209-4b80-a54a-99886ad2b752,universities.florist,available,32.99,32.99,medium,low,12,namesilo,,,28/09/2026 08:47
03170e21-e84f-42ac-b67f-1307ead792bc,knife.florist,available,32.99,32.99,high,low,5,namesilo,,,25/09/2026 23:24
c0332201-06c3-4b87-953e-7c597e1a9594,roles.florist,available,32.99,32.99,medium,low,5,namesilo,,,28/09/2026 21:41
4fbcc10d-2050-4acd-b2e9-dbfd89ef1ac4,ssa.florist,available,32.99,32.99,high,low,3,namesilo,,,29/09/2026 08:03
86b8da57-e2fb-4cfd-bb54-658d5f079838,intestate.florist,available,14.99,46.99,medium,low,9,name.com,,,22/08/2026 08:24
271e2991-2261-4228-bf75-de0664238207,genteel.florist,available,14.99,46.99,high,low,7,name.com,,,13/08/2026 10:19
95731cf4-7d3a-4144-bcbd-b336a08dd02f,humbert.florist,available,31.98,41.98,medium,low,7,namecheap,,,02/10/2026 00:25
2d2fece5-5520-4195-a8a6-d47131ade433,perplexed.florist,available,14.99,46.99,medium,low,9,name.com,,,08/09/2026 17:56
e718f9bb-629a-4121-8f49-f911bb9cad01,repeating.florist,available,25.2,25.2,high,low,9,cloudflare,,,28/09/2026 06:41
f7071377-68af-4ca6-82bb-d2b7ae3e88d2,abnormal.florist,available,32.99,32.99,high,low,8,namesilo,,,21/09/2026 14:04
eaa215bf-aa19-420d-8b86-10bdf80b945d,dicey.florist,available,14.99,46.99,medium,low,5,name.com,,,12/08/2026 01:44
a85ff8a8-81a0-4dab-97f4-f74706b27e71,acetylene.florist,available,32.99,32.99,medium,low,9,namesilo,,,17/09/2026 00:22
e6c5681e-709c-4025-9fe9-410b7289a05e,ruins.florist,available,25.2,25.2,low,low,5,cloudflare,,,28/09/2026 12:46
35b0c8a7-ba3f-400c-9423-43c81738ae38,heber.florist,available,32.99,32.99,high,low,5,namesilo,,,30/09/2026 22:07
81cde781-1601-4a92-bcfe-c71a6723ef61,romano.florist,available,26.08,26.08,high,low,6,spaceship,,,29/09/2026 10:38
812e463f-bd30-4b8f-8526-a547929df1d4,confederation.florist,available,26.08,26.08,medium,low,13,spaceship,,,01/10/2026 22:47
0b63f02b-e4e2-4ac3-b94c-4a997b97ba5c,beauvoir.florist,available,32.99,32.99,high,low,8,namesilo,,,22/09/2026 22:24
8c4b3941-93c6-4ff3-9498-619a3bac6952,investors.florist,available,14.99,46.99,high,low,9,name.com,,,
6147f5d9-c4d6-4369-ab1d-bc166c2d4d58,sprightly.florist,available,31.98,41.98,high,low,9,namecheap,,,10/09/2026 16:49
5f977569-eb23-4fb5-bbc3-02ffaf7b0825,burred.florist,available,14.99,46.99,medium,low,6,name.com,,,08/08/2026 17:23
5e676420-5e01-4cc9-86a5-312bf7fcac3b,hexed.florist,available,14.99,46.99,medium,low,5,name.com,,,21/08/2026 07:51
6d4b6c0a-1c5b-4f74-9f8d-f78423e49c2f,kicked.florist,available,31.98,41.98,medium,low,6,namecheap,,,25/09/2026 19:40
41871e9a-6bb1-4f97-8ecf-494b914bff6c,scales.florist,available,32.99,32.99,high,low,6,namesilo,,,29/09/2026 09:18
e09841a9-1e25-4735-bf97-5b7698407799,hesitate.florist,available,25.2,25.2,medium,low,8,cloudflare,,,28/09/2026 20:09
0fcbff83-60b1-4097-8f43-1dbbfecf52a6,shoreham.florist,available,25.2,25.2,medium,low,8,cloudflare,,,02/10/2026 01:12
5e1747fe-63a0-4061-8d6f-021173c51b12,unpowered.florist,available,31.98,41.98,medium,low,9,namecheap,,,12/09/2026 17:18
b351083e-0c80-41d0-9398-2e3c2a3b0d9f,stick.florist,available,26.08,26.08,high,low,5,spaceship,,,29/09/2026 00:24
b8f0ca52-93b6-4cc3-8e3c-bc5437ae236d,colored.florist,available,31.98,41.98,high,low,7,namecheap,,,22/09/2026 20:23
78205c89-4400-4fc0-91a7-e6ef3a2aa881,protected.florist,available,32.99,32.99,high,low,9,namesilo,,,27/09/2026 07:42
61e75b30-2332-41fb-8cbc-4c07bccadbb4,rtc.florist,available,25.2,25.2,high,low,3,cloudflare,,,30/09/2026 12:40
7d40dac3-f324-45df-ba3f-46dd9ea693f3,unanimous.florist,available,14.99,46.99,high,low,9,name.com,,,12/08/2026 22:33
f2e67d09-7575-4f84-9bee-f86228e1df7a,spores.florist,available,32.99,32.99,medium,low,6,namesilo,,,02/10/2026 02:24
77f77b91-eb9a-45d0-9a3f-e75cb0446ab6,oar.florist,available,32.99,32.99,high,low,3,namesilo,,,30/09/2026 05:58
2ccad3a0-251f-4138-bb60-2a4722a8a36a,gillette.florist,available,32.99,32.99,high,low,8,namesilo,,,28/09/2026 05:50
d2e7f8a2-901d-480f-b793-5b2ceb131621,animism.florist,available,32.99,32.99,medium,low,7,namesilo,,,19/09/2026 09:19
aaeb9b1e-f1e3-417f-a41a-d51a5807dddc,typing.florist,available,25.2,25.2,high,low,6,cloudflare,,,30/09/2026 14:07
71651991-ab12-4545-a6e5-7b89bb4f7a2f,ton.florist,available,26.08,26.08,high,medium,3,spaceship,,,28/09/2026 05:55
d76b44c8-d11b-4fe4-9e9d-11c40290df00,prefigure.florist,available,32.99,32.99,medium,low,9,namesilo,,,21/09/2026 03:35
2aaeefb0-778d-4199-9eb7-59c5e2639041,delphian.florist,available,14.99,46.99,medium,low,8,name.com,,,14/08/2026 00:48
f09086ac-f5d9-4c04-a61e-6933ed3e4177,reciprocal.florist,available,31.98,41.98,high,low,10,namecheap,,,09/09/2026 11:29
d985095d-e9f7-41b7-90a0-69b6ed8151ef,forgets.florist,available,26.08,26.08,medium,low,7,spaceship,,,30/09/2026 16:05
894b0d36-b59d-4880-a126-feb3c3e61e7c,swallow.florist,available,26.08,26.08,high,low,7,spaceship,,,29/09/2026 13:39
58b80297-1c29-4c48-b8a5-9a06671d199e,festivals.florist,available,49.99,49.99,high,low,9,godaddy,,,01/10/2026 00:27
44a66e03-5e3b-4fcb-b608-2eb9a1d11afd,smashing.florist,available,14.99,46.99,high,low,8,name.com,,,08/08/2026 12:53
9fd46443-57a6-4105-91c2-af6108f2ecc6,clustered.florist,available,14.99,46.99,high,low,9,name.com,,,
a3cad976-ecaa-4753-9f16-4c1e39b285ae,assistants.florist,available,25.2,25.2,medium,low,10,cloudflare,,,29/09/2026 05:42
1cde9fff-2a65-4bbc-9989-cd0fefd5a626,seventeenth.florist,available,26.08,26.08,high,low,11,spaceship,,,01/10/2026 22:21
4130d3c6-8a01-408e-98d5-68386081334f,seraphical.florist,available,31.98,41.98,medium,low,10,namecheap,,,10/09/2026 04:31
9386cdbc-4529-4a17-8041-790cfc205598,thankful.florist,available,32.99,32.99,high,low,8,namesilo,,,24/09/2026 22:54
c450c57d-dc42-48b6-b8ac-be9cd7790df1,sumbody.florist,available,14.99,,low,low,7,name.com,,,
942f997d-2356-4bcc-aefb-dbe1ce8f9037,nanda.florist,available,26.08,26.08,medium,low,5,spaceship,,,30/09/2026 22:08
05e0e2d7-11ae-4c28-a5ca-f17bf2e589fa,reminds.florist,available,32.99,32.99,medium,low,7,namesilo,,,27/09/2026 03:09
cd2aa88c-2560-45e8-8529-b111afb61d20,stabilization.florist,available,31.98,41.98,medium,low,13,namecheap,,,17/09/2026 17:23
dacfd1bb-4d74-48e1-83f0-a8875a818823,theft.florist,available,31.98,41.98,high,low,5,namecheap,,,08/09/2026 07:55
345e02aa-920a-4cd6-8f84-29c69fe7a39e,cleo.florist,available,32.99,32.99,high,low,4,namesilo,,,29/09/2026 15:49
89f214c6-2853-4bac-af09-52c050286262,sikorsky.florist,available,32.99,32.99,high,low,8,namesilo,,,30/09/2026 17:41
4b2a5208-c6ec-4678-882e-a10c7070cae8,mack.florist,available,32.99,32.99,high,low,4,namesilo,,,28/09/2026 02:18
94fa6087-12ad-4fd9-8b0f-169589c7d17b,idiom.florist,available,26.08,26.08,high,low,5,spaceship,,,28/09/2026 22:21
8f6a09fa-a45a-4f41-8034-25258d154383,property.florist,available,8.24,26.97,high,medium,8,dynadot,,,28/09/2026 23:13
ba9ffcb1-1170-4858-88a7-ac1e9ca118e3,wembley.florist,available,32.99,32.99,medium,low,7,namesilo,,,30/09/2026 11:20
6cbd31ec-a6ab-4368-a39d-48d44ad75965,facility.florist,available,31.98,41.98,high,low,8,namecheap,,,28/09/2026 18:28
df417061-6206-4804-a99e-b96d3243dbc6,babar.florist,available,32.99,32.99,high,low,5,namesilo,,,21/09/2026 12:14
f93266ac-09df-410d-ba72-27798cb63568,procession.florist,available,32.99,32.99,high,low,10,namesilo,,,29/09/2026 06:59
a9a8a1b3-c04e-4aa0-b038-d2ee79ac5883,ladder.florist,available,8.24,26.26,high,low,6,porkbun,,,30/09/2026 01:55
b4eb7ba0-b9a0-4474-84fe-81d492166af6,trying.florist,available,31.98,41.98,high,low,6,namecheap,,,03/09/2026 15:44
77344d07-25d6-45e2-aafa-f096d328ef57,secretive.florist,available,14.99,46.99,medium,low,9,name.com,,,12/08/2026 12:18
16510056-0564-45a6-9471-7899daedacf3,hyderabad.florist,premium,38.94,38.94,medium,low,9,namesilo,,,28/09/2026 14:29
195d57c1-1f40-41f2-943c-4c9a79158dc7,fortress.florist,available,26.08,26.08,high,low,8,spaceship,,,28/09/2026 05:46
1b5770c0-8b77-4e8b-9bca-6189ef8961b8,mutiny.florist,available,31.98,41.98,high,low,6,namecheap,,,29/09/2026 13:30
d13f0932-9723-4bd9-998f-b542adf4a9e4,novel.florist,available,31.98,41.98,high,low,5,namecheap,,,03/09/2026 22:19
ba122b2b-814a-450c-abd4-b64b1c3a554c,failures.florist,available,31.98,41.98,low,low,8,namecheap,,,20/09/2026 17:55
1ed86e46-4cbe-4d62-b1ef-1c3be37bdaf8,terribly.florist,available,32.99,32.99,medium,low,8,namesilo,,,22/09/2026 15:23
d1069383-5ee9-44ab-992d-dd2821f7988c,anion.florist,available,32.99,32.99,medium,low,5,namesilo,,,19/09/2026 09:23
bea4bfc3-4e8f-4456-a269-627e917268d3,inform.florist,available,26.08,26.08,high,low,6,spaceship,,,30/09/2026 20:20
4b5ba98b-7c69-4aad-a28d-c50f1d7f24e3,anaglyph.florist,available,32.99,32.99,medium,low,8,namesilo,,,19/09/2026 01:21
2e84983a-0785-4289-990c-45643d481af8,apodous.florist,available,14.99,46.99,medium,low,7,name.com,,,06/08/2026 01:21
6a695fdf-4978-4d34-8f1b-b85233266a18,isoclinic.florist,available,14.99,46.99,medium,low,9,name.com,,,22/08/2026 11:02
0a866b53-fd89-44e6-8c0b-19c69edfc6e2,potentially.florist,available,26.08,26.08,medium,low,11,spaceship,,,28/09/2026 07:08
4996e833-6033-478c-9759-d77ae99d46e0,cns.florist,available,32.99,32.99,medium,low,3,namesilo,,,28/09/2026 09:21
a2b94a98-3736-462b-a439-73b530cebc7f,synoptical.florist,available,14.99,46.99,medium,low,10,name.com,,,11/09/2026 06:35
0e7d5551-90da-4d31-b548-ccdac8ca316b,dispenser.florist,available,32.99,32.99,high,low,9,namesilo,,,24/09/2026 22:56
fd7cc754-bab9-485d-99e0-01557aa6ab94,snatched.florist,available,25.2,25.2,medium,low,8,cloudflare,,,29/09/2026 21:12
faeb9c93-7ef7-4a74-9def-c53995779f70,kirsten.florist,available,32.99,32.99,medium,low,7,namesilo,,,29/09/2026 21:51
f1b7afd4-0510-4a71-a7ee-f66dd78f21dd,fasten.florist,available,26.08,26.08,high,low,6,spaceship,,,30/09/2026 19:48
498b99e5-4013-4fcc-bc7f-6949ca78fc86,concealed.florist,available,31.98,41.98,high,low,9,namecheap,,,23/09/2026 18:33
0218bee0-c0b4-4562-8880-dad4bcd9fd1f,mysteriously.florist,available,8.24,26.26,medium,low,12,porkbun,,,30/09/2026 04:03
8d2d473c-6fd1-4633-bdc2-480be7bfc82b,mexicana.florist,available,8.24,26.26,high,low,8,porkbun,,,29/09/2026 09:18
98cdc31d-4d0a-4d20-967b-dd217c08ed91,amplifying.florist,available,32.99,32.99,medium,low,10,namesilo,,,17/09/2026 20:45
9d5827d7-a1ac-458e-9b36-147ae0fdc9cf,overjoyed.florist,available,31.98,41.98,high,low,9,namecheap,,,04/09/2026 20:49
bafe6893-df6b-4bee-a734-50caeb70090b,hubert.florist,available,32.99,32.99,medium,low,6,namesilo,,,25/09/2026 16:58
fc46c03c-a3bf-4eaa-ac2c-44a60e9f698d,warhol.florist,available,31.98,41.98,high,low,6,namecheap,,,19/09/2026 05:06
b9d65b7e-2014-4ef5-b934-19c1bcf593a1,nebulously.florist,available,31.98,41.98,low,low,10,namecheap,,,15/09/2026 16:18
f9ba5a9e-9fb5-46d8-b7f8-2d6190d7792c,leith.florist,available,8.24,26.97,medium,low,5,dynadot,,,28/09/2026 16:45
2888d1fe-4886-44fc-b6a3-51ecf0597159,supported.florist,available,8.24,26.97,high,low,9,dynadot,,,28/09/2026 02:01
f6b33412-f10e-4950-b4e2-e7f89dfb45ae,predilection.florist,available,14.99,,high,low,12,name.com,,,
70e748be-d992-4480-85cb-083c856dd339,emblem.florist,available,26.08,26.08,high,low,6,spaceship,,,28/09/2026 02:43
1f42d6a8-b4c9-4eca-8985-1b0da97e3d0f,lousy.florist,available,32.99,32.99,medium,low,5,namesilo,,,24/09/2026 01:33
656bb1c1-46fe-454b-9ef7-8e1518dac678,unclear.florist,available,14.99,46.99,high,low,7,name.com,,,21/08/2026 19:00
f8219668-9314-4c49-bf29-c420a7ef3552,sam.florist,premium,118.8,118.8,high,medium,3,namesilo,,,30/09/2026 10:32
0625d80a-474a-4ce0-a3b8-1ff16f57c567,oclc.florist,available,26.08,26.08,medium,low,4,spaceship,,,01/10/2026 11:21
f8ddf072-4bcc-46ed-a06a-f82399e467e1,argent.florist,available,14.99,46.99,medium,low,6,name.com,,,06/08/2026 17:51
c813a6de-c25b-44b3-a031-fd8e5d252a3e,solid.florist,available,25.2,25.2,high,medium,5,cloudflare,,,27/09/2026 17:59
96e84c25-48ea-4bd4-af45-2c6cd826bd1d,chatsworth.florist,available,32.99,32.99,medium,low,10,namesilo,,,02/10/2026 00:57
c98461cf-8f4d-4702-8517-cb75be2b2ef4,unprotected.florist,available,31.98,41.98,medium,low,11,namecheap,,,30/09/2026 12:02
5994e027-52ca-4c1c-8968-a27e9026f9e6,duane.florist,available,26.08,26.08,medium,low,5,spaceship,,,27/09/2026 19:56
e59f9cb1-0d7d-497c-9ff9-80f6ecce6e03,mentoring.florist,available,25.2,25.2,high,low,9,cloudflare,,,01/10/2026 21:09
fcedfd4e-9a72-4bbc-b278-5a02f19e8e0b,temporal.florist,available,31.98,41.98,high,low,8,namecheap,,,11/09/2026 11:00
24fc9cb9-e31a-4639-b342-6ae6901c4977,littlefield.florist,available,32.99,32.99,high,low,11,namesilo,,,30/09/2026 06:06
c0ea13cc-50cd-4c1a-b166-07ee6e671fe2,armchair.florist,available,32.99,32.99,high,low,8,namesilo,,,20/09/2026 06:33
543a4512-ca9a-4c13-8e0b-9036bec60e3b,sheik.florist,available,14.99,46.99,high,low,5,name.com,,,13/08/2026 17:11
350fdfd3-5612-4448-b46e-7f6200842ecf,ariadne.florist,available,32.99,32.99,high,low,7,namesilo,,,20/09/2026 05:09
62307433-809d-481f-b233-dadbe0ad7d96,gregarious.florist,available,14.99,46.99,high,low,10,name.com,,,20/08/2026 19:56
8bdd6d16-ad26-4c56-b5d0-516ed0b8d85f,dodgy.florist,available,14.99,46.99,medium,low,5,name.com,,,12/08/2026 01:46
e4ca8251-a28f-4ebe-a543-64a1c81766db,coachella.florist,available,32.99,32.99,high,low,9,namesilo,,,30/09/2026 22:20
57116141-da37-4e9f-a4d8-26544b787f91,colonists.florist,available,32.99,32.99,medium,low,9,namesilo,,,01/10/2026 16:49
80e64339-5ddd-4283-918f-a280994189ee,all.florist,premium,118.8,118.8,high,medium,3,namesilo,,,22/09/2026 00:25
e343e566-e255-40c2-b38e-78351c371d0e,prefer.florist,available,32.99,32.99,high,low,6,namesilo,,,27/09/2026 03:54
58f73ca6-358b-4f94-8127-cbd946b67ebc,mfa.florist,available,25.2,25.2,high,low,3,cloudflare,,,28/09/2026 10:20
2d697979-d04e-4bc0-97f8-15055cd4a603,pacing.florist,available,26.08,26.08,high,low,6,spaceship,,,01/10/2026 03:12
c6fa1a1f-d754-4d26-8dcb-29ed91f8271c,provider.florist,available,32.99,32.99,high,low,8,namesilo,,,30/09/2026 08:26
147356b7-b341-4822-ad0f-958f41a0324e,kenji.florist,available,25.2,25.2,medium,low,5,cloudflare,,,02/10/2026 00:38
69754231-c78d-4f88-b3bf-104212be071d,meaning.florist,available,31.98,41.98,high,low,7,namecheap,,,25/09/2026 18:26
fa82a6af-da55-4cbd-87e2-cb9af4516eb8,abyssinian.florist,available,31.98,41.98,high,low,10,namecheap,,,16/09/2026 19:54
0493cb01-3a56-4a02-a53e-3ed429ea9b5c,startup.florist,available,31.98,41.98,high,medium,7,namecheap,,,30/09/2026 20:51
5d460ec9-b514-4302-83db-4fefce915a81,neat.florist,available,31.98,41.98,high,low,4,namecheap,,,22/09/2026 16:59
6658d907-6055-457c-a1f9-cb1b70dd2871,sugared.florist,available,31.98,41.98,medium,low,7,namecheap,,,11/09/2026 01:16
4e558120-c036-4d42-b732-e9d5169695e9,purchase.florist,premium,118.8,118.8,high,low,8,namesilo,,,29/09/2026 05:36
96c7c66f-6368-4b62-b8e3-84e8ad13dd3b,scientists.florist,available,32.99,32.99,medium,low,10,namesilo,,,27/09/2026 11:19
908343d5-da6e-4b7e-b1d8-303571973a97,mehmed.florist,available,25.2,25.2,medium,low,6,cloudflare,,,30/09/2026 21:00
3318b020-2e29-451a-a0ba-c6d5921d8bb8,payments.florist,available,32.99,32.99,high,low,8,namesilo,,,18/09/2026 16:44
edabfad3-d827-4a77-8e3f-4ba1a6079573,basset.florist,available,31.98,41.98,medium,low,6,namecheap,,,22/09/2026 12:10
d5a9f854-249c-4b54-ac7a-fb3364d55839,vibrant.florist,available,31.98,41.98,high,low,7,namecheap,,,13/09/2026 05:05
d45507df-c864-48ed-8d0e-3873cac56447,galloway.florist,available,32.99,32.99,high,low,8,namesilo,,,01/10/2026 19:42
591d3a84-135b-409b-976b-ed12c9fe1ac1,woes.florist,available,32.99,32.99,medium,low,4,namesilo,,,20/09/2026 07:52
c1dc4c5b-9375-4334-8c75-ed8faa5f987a,washup.florist,available,32.99,32.99,medium,low,6,namesilo,,,24/09/2026 22:42
785ace7c-13ae-4bcb-97bb-7a5239b6904d,combo.florist,available,26.08,26.08,high,low,5,spaceship,,,30/09/2026 09:14
8336457a-9d2a-404d-96f4-dfda5495d8db,birdfeeder.florist,available,31.98,41.98,medium,low,10,namecheap,,,23/09/2026 19:53
3c4504b6-7027-4871-94f0-09a4a5abea0c,awing.florist,available,14.99,46.99,medium,low,5,name.com,,,08/08/2026 00:34
da0a6f44-cfce-4c55-9a1f-c48a2bccfc5f,wrinkly.florist,available,31.98,41.98,medium,low,7,namecheap,,,13/09/2026 13:47
4ada6736-e20a-44f3-a526-b12145a9b290,rashid.florist,available,32.99,32.99,medium,low,6,namesilo,,,28/09/2026 16:48
6eafa85b-2d53-4bc8-a183-2b48340bf8c4,unforced.florist,available,31.98,41.98,medium,low,8,namecheap,,,12/09/2026 05:40
59a80434-42bf-43bf-b751-1126888e784a,palaces.florist,available,26.08,26.08,medium,low,7,spaceship,,,30/09/2026 23:50
b1bee338-9afd-40aa-a348-e0b9436f0c72,monkeys.florist,available,32.99,32.99,medium,low,7,namesilo,,,17/09/2026 10:08
e9471932-9612-4af3-8252-25dea9edd1fe,sentential.florist,available,31.98,41.98,medium,low,10,namecheap,,,10/09/2026 03:50
cd035fdc-baea-4444-9c61-53be22e61e70,earning.florist,available,25.2,25.2,medium,low,7,cloudflare,,,28/09/2026 13:27
1a123583-bed3-4b4a-9cc5-e0b98cd79dd6,cryogenic.florist,available,14.99,46.99,medium,low,9,name.com,,,13/08/2026 09:35
0e2305d6-f112-483d-af1c-cefc34a4397c,playable.florist,available,31.98,41.98,high,low,8,namecheap,,,08/09/2026 20:57
1128ab3c-bbef-404b-8b7b-a285359f55ca,serially.florist,available,31.98,41.98,medium,low,8,namecheap,,,16/09/2026 01:08
1c06219c-4220-4bb4-b4ee-51e2ff4b718a,esophageal.florist,available,14.99,46.99,medium,low,10,name.com,,,17/08/2026 13:16
ca06e018-f00d-4c55-b48c-fc27a792bced,brow.florist,available,26.08,26.08,medium,low,4,spaceship,,,29/09/2026 04:36
924fbe44-8d80-4d0b-8bc1-51317ea49db4,curatorial.florist,available,14.99,46.99,medium,low,10,name.com,,,13/08/2026 11:03
72253cda-29d8-4a83-906f-55d4bfbb8c78,voters.florist,available,26.08,26.08,medium,low,6,spaceship,,,29/09/2026 10:41
debd6752-b112-48f5-8dbb-7eab0815d2ca,lividity.florist,available,32.99,32.99,medium,low,8,namesilo,,,17/09/2026 00:59
660848f7-9121-444e-85af-ab1bd903ea4a,egregious.florist,available,14.99,46.99,medium,low,9,name.com,,,15/08/2026 19:48
ebae2622-942d-45d6-82e0-acb1c0bbc323,spring.florist,premium,242,242,high,medium,6,namesilo,,,30/09/2026 01:44
a33fff0a-49a3-479f-a3b4-0deeda59d17a,pasty.florist,available,14.99,46.99,high,low,5,name.com,,,20/08/2026 15:21
dad661a6-d69a-40e4-86ed-29f90c7c6581,introduce.florist,available,26.08,26.08,high,low,9,spaceship,,,30/09/2026 00:04
c291b845-fecf-455b-892a-dba1f5872680,warwick.florist,premium,38.94,38.94,high,low,7,namesilo,,,25/09/2026 05:09
fa6abd66-b831-4da6-98fc-c9629a8c9d4f,ayers.florist,available,26.08,26.08,medium,low,5,spaceship,,,29/09/2026 09:56
a5f21b2f-5d1d-40b2-85cf-c71e709bfe39,riffle.florist,available,31.98,41.98,medium,low,6,namecheap,,,12/09/2026 08:36
ebda36ac-d33d-449b-bc0e-187011dfd95d,raiser.florist,available,14.99,46.99,medium,low,6,name.com,,,17/09/2026 19:22
62ec555b-5400-4675-896d-bdc274e53067,chestnuts.florist,available,32.99,32.99,medium,low,9,namesilo,,,20/09/2026 20:45
18aa79dd-8910-4d97-a86f-cd813a355811,boar.florist,available,32.99,32.99,high,low,4,namesilo,,,29/09/2026 11:44
e9ba3739-69e2-44c2-9ad7-ed9330eee328,portfolio.florist,available,26.08,26.08,high,low,9,spaceship,,,28/09/2026 20:13
204820b9-1b72-4834-9c18-4e51806fa200,erratic.florist,available,14.99,46.99,high,low,7,name.com,,,17/08/2026 12:46
f645c7eb-97e6-4c40-b341-3e8f43564285,sameness.florist,available,14.99,46.99,medium,low,8,name.com,,,21/08/2026 15:12
7c5f7cfd-6fba-4ca3-915d-4db986e4b102,abdicable.florist,available,14.99,46.99,medium,low,9,name.com,,,
8b3321a8-e84b-4c6f-85f3-645c44d5af30,influences.florist,available,26.08,26.08,medium,low,10,spaceship,,,30/09/2026 07:02
10fe628a-a584-422a-be17-c97298f19ced,voluntary.florist,available,31.98,41.98,high,low,9,namecheap,,,13/09/2026 07:07
8f67c2f8-6f3f-4fac-9816-eb3a133333e1,hesperian.florist,available,14.99,46.99,medium,low,9,name.com,,,21/08/2026 07:27
bb92b69d-4e69-46df-8d0e-b37307e6c9ff,delta.florist,available,25.2,25.2,high,medium,5,cloudflare,,,29/09/2026 13:52
aedae8b4-d72d-4909-9e4c-d6ee6afe561a,fuckster.florist,available,14.99,,medium,low,8,name.com,,,
4546f4d3-ced9-445a-a947-31138890c967,tenderness.florist,available,32.99,32.99,high,low,10,namesilo,,,17/09/2026 14:18
1004fa32-22c3-4641-897e-5b6da5269064,iodine.florist,available,14.99,46.99,high,low,6,name.com,,,21/08/2026 17:24
26577713-e1c8-409a-8069-de77c81240a5,overhanded.florist,available,31.98,41.98,medium,low,10,namecheap,,,04/09/2026 20:12
4aa28b5c-5ad4-413c-8110-5f5e64a792f5,alibi.florist,available,31.98,41.98,high,low,5,namecheap,,,18/09/2026 07:24
ef9cbfa4-0d57-4be0-bbc2-5b23ad24a125,drawings.florist,available,25.2,25.2,low,low,8,cloudflare,,,28/09/2026 13:09
1bc08ec0-1716-4094-bcad-c27bce287ebc,tissues.florist,available,32.99,32.99,medium,low,7,namesilo,,,29/09/2026 10:39
920f2135-3314-4752-bede-72b4eef0bd6c,silas.florist,available,32.99,32.99,high,low,5,namesilo,,,27/09/2026 19:41
268e9a91-19da-47b7-be68-ec8541a3a514,altered.florist,available,14.99,46.99,high,low,7,name.com,,,
6cf14348-5f21-4325-8f2c-b465bcdf2b60,construction.florist,available,14.99,,high,low,12,name.com,,,
260d0dc5-7258-46ed-b5b6-0d729025e776,enemies.florist,available,31.98,41.98,medium,low,7,namecheap,,,25/09/2026 17:51
2a012cac-8a33-4511-9a20-b76695e5f919,champion.florist,available,32.99,32.99,high,low,8,namesilo,,,21/09/2026 17:32
77c583ca-1037-4f13-a3e5-c9e33cba1687,refractive.florist,available,14.99,46.99,medium,low,10,name.com,,,13/08/2026 23:32
66519b71-7b6c-4ec5-a923-ce0c0fd26990,antiquark.florist,available,32.99,32.99,medium,low,9,namesilo,,,19/09/2026 15:02
a81cca7c-d317-45d6-81ef-6dfb91408844,imply.florist,available,26.08,26.08,high,low,5,spaceship,,,29/09/2026 00:48
53d5a2fc-5b63-4476-b8d9-693d9961003f,lawrencium.florist,available,31.98,41.98,medium,low,10,namecheap,,,20/09/2026 22:00
b6683340-2c1d-450a-81ba-1a2f9c41e01e,beloit.florist,available,32.99,32.99,medium,low,6,namesilo,,,29/09/2026 22:33
9056f1cd-34e5-49b3-95f8-b107cd1dcf0e,boned.florist,available,14.99,46.99,medium,low,5,name.com,,,10/08/2026 18:34
06386097-7178-41b9-aae9-8f0124f92965,multiple.florist,available,32.99,32.99,high,low,8,namesilo,,,27/09/2026 06:39
0ef5e2b6-c537-4dff-ac45-439b77174a3f,resurgent.florist,available,31.98,41.98,high,low,9,namecheap,,,09/09/2026 13:53
922edbbf-d770-4f2e-9c17-ad9d1db68aa3,albescent.florist,available,14.99,46.99,medium,low,9,name.com,,,
cc947b42-faca-48b2-a951-c1f381a72487,senseless.florist,available,31.98,41.98,medium,low,9,namecheap,,,03/09/2026 17:48
a3e2db9e-55ec-4c5e-bece-55b65b73c2e6,adf.florist,available,25.2,25.2,high,low,3,cloudflare,,,01/10/2026 06:54
42630d00-3833-44c7-b02b-1e03ecf0c3bc,vowel.florist,available,25.2,25.2,high,low,5,cloudflare,,,29/09/2026 20:36
fb997620-0e70-4fdc-bf8b-4157889933b2,verdin.florist,available,32.99,32.99,medium,low,6,namesilo,,,21/09/2026 04:27
6da6f3ca-f7ba-496b-bacb-2feeb6dadc1b,disgust.florist,available,26.08,26.08,high,low,7,spaceship,,,29/09/2026 15:47
b0a8aa2f-50eb-4ac8-b82f-380ae2b15807,scallops.florist,available,32.99,32.99,medium,low,8,namesilo,,,19/09/2026 23:48
a472916d-e7ef-4def-b100-a1121447d98f,deerfield.florist,available,26.08,26.08,high,low,9,spaceship,,,29/09/2026 10:06
322f8989-16bf-483b-aff5-f6dbc4697547,crossroads.florist,available,32.99,32.99,high,low,10,namesilo,,,29/09/2026 12:04
fa63f2a5-561d-4958-b34a-da6ffa519658,bentonite.florist,available,32.99,32.99,high,low,9,namesilo,,,23/09/2026 08:46
57a56d43-dd95-47e5-b978-2cd4a77975ef,epileptic.florist,available,14.99,46.99,high,low,9,name.com,,,17/08/2026 10:58
8d695cdb-2b18-47f9-8a74-eb96b463df22,bury.florist,available,8.24,26.97,high,low,4,dynadot,,,30/09/2026 16:51
0d320a74-b1fd-4f88-9372-6fcadadaa644,prosecutors.florist,available,32.99,32.99,medium,low,11,namesilo,,,30/09/2026 00:33
b5972cc2-6051-4f5e-8f6c-2e5321168ace,oleaceous.florist,available,31.98,41.98,medium,low,9,namecheap,,,04/09/2026 02:06
c3d5f37b-b923-4ea6-908a-1085e7ea9d1c,rag.florist,available,32.99,32.99,high,low,3,namesilo,,,24/09/2026 12:22
7f1925e1-5779-45bd-9364-34ca5d5b5848,ovarian.florist,available,14.99,46.99,medium,low,7,name.com,,,04/09/2026 19:55
c6427c0c-881f-4312-b54d-8ed0c26b9171,carmen.florist,premium,42.9,42.9,high,low,6,namecheap,,,27/09/2026 01:37
00f4fd80-46e5-4265-9e25-7f4d0f652426,stealth.florist,available,32.99,32.99,high,low,7,namesilo,,,29/09/2026 08:08
108fc9cd-9826-418b-b3b4-dadab3eaceb7,recognized.florist,available,32.99,32.99,high,low,10,namesilo,,,21/09/2026 15:28
ec2b4cf7-f34f-481c-85eb-abe471042650,nineteen.florist,available,31.98,41.98,high,low,8,namecheap,,,21/09/2026 12:05
99d577f8-4748-4fb7-878d-569585500c85,luckily.florist,available,31.98,41.98,high,low,7,namecheap,,,13/09/2026 21:22
cd7a5ab3-92c8-448a-8201-644c6fd38ea2,apoplexy.florist,available,31.98,41.98,medium,low,8,namecheap,,,19/09/2026 19:09
959e9882-c44e-49bb-9a99-ad54f3a360c2,brace.florist,available,14.99,46.99,high,low,5,name.com,,,11/08/2026 00:41
c8d98fe3-e8c8-415d-89c5-95c4041e8c9d,robbie.florist,available,31.98,41.98,high,low,6,namecheap,,,27/09/2026 19:05
b2050760-cc7a-4b33-b57b-48a0f75850b4,outline.florist,available,31.98,41.98,high,low,7,namecheap,,,24/09/2026 23:45
e6fe72f6-79c3-4019-b1dc-66a9e2a5de52,pills.florist,available,32.99,32.99,medium,low,5,namesilo,,,20/09/2026 04:26
7360c276-561c-43c6-976d-6852d5115bbe,judd.florist,available,32.99,32.99,medium,low,4,namesilo,,,27/09/2026 07:52
98a8c72f-8e3e-4f73-9059-09d3f220acaf,unpunished.florist,available,31.98,41.98,medium,low,10,namecheap,,,12/09/2026 17:37
b724abdb-be27-4fb8-bbc9-434899a12367,buggery.florist,available,31.98,41.98,medium,low,7,namecheap,,,19/09/2026 01:35
7f0fe07a-0d60-4076-9586-c1005fb2fc44,cuthbert.florist,available,32.99,32.99,medium,low,8,namesilo,,,29/09/2026 03:58
b773f9d3-f106-43e1-8213-4a469d8a2f1f,sang.florist,available,31.98,41.98,high,low,4,namecheap,,,18/09/2026 20:03
3470db76-fc2b-4e8a-a2c5-87a9245b585a,incarnate.florist,available,14.99,46.99,high,low,9,name.com,,,16/08/2026 09:36
cd4144d8-d68e-4bf0-ae68-c2e2a2a9c8ca,bellow.florist,available,32.99,32.99,medium,low,6,namesilo,,,23/09/2026 06:17
3d912237-fccd-497a-b9d4-cda6e15690b0,cupcake.florist,available,14.99,46.99,high,low,7,name.com,,,24/09/2026 20:16
365ed114-b3d9-40ce-8a25-892def36b00c,unequal.florist,available,14.99,46.99,medium,low,7,name.com,,,22/08/2026 00:15
93644a89-fb40-4250-96d3-35277cb3ac3d,beethoven.florist,available,32.99,32.99,high,low,9,namesilo,,,23/09/2026 01:53
7ba25eef-2dc3-49f3-bc0e-50c34e18700f,friesland.florist,available,31.98,41.98,medium,low,9,namecheap,,,01/10/2026 19:39
c8895734-4e2d-4e8a-8291-c5f58a5d084b,ingrid.florist,available,26.08,26.08,medium,low,6,spaceship,,,28/09/2026 16:32
fb7ff239-3fa7-46bc-b087-75e7fc7333d7,heritage.florist,available,8.24,26.26,high,medium,8,porkbun,,,28/09/2026 14:26
bb78d495-7129-46d8-966b-bb77a57a924c,ambience.florist,available,31.98,41.98,high,low,8,namecheap,,,18/09/2026 16:42
b1884a11-753e-4315-8713-b10694eae28b,ripely.florist,available,31.98,41.98,medium,low,6,namecheap,,,15/09/2026 23:48
5dcf386d-746a-4186-ac83-c33ef9c4d264,aloes.florist,available,32.99,32.99,medium,low,5,namesilo,,,18/09/2026 13:07
71915cf0-3b04-4482-8b15-42aa67e53a08,inseparable.florist,available,8.24,26.26,high,low,11,porkbun,,,01/10/2026 04:48
bfcea08b-fbea-45c4-b575-6589873ff48d,spheroidal.florist,available,14.99,46.99,medium,low,10,name.com,,,16/08/2026 05:22
6d550dd1-91dd-45b7-9a80-855115b63818,visits.florist,available,31.98,41.98,medium,low,6,namecheap,,,28/09/2026 13:15
8e7f1487-1990-4871-9d17-d303e8706e73,idf.florist,available,32.99,32.99,medium,low,3,namesilo,,,28/09/2026 14:30
ef5e0419-2f75-4214-92f3-ed2f22eb6231,preliminary.florist,available,32.99,32.99,medium,low,11,namesilo,,,28/09/2026 11:21
b8c34a08-b6e2-4ecf-9f38-131602f1ea3e,pcb.florist,available,32.99,32.99,high,low,3,namesilo,,,28/09/2026 17:13
12dd3099-8838-4de9-8376-5d54f3ea0ab7,restructuring.florist,available,31.98,41.98,medium,low,13,namecheap,,,02/10/2026 00:04
ec7fd1a4-2470-46af-8322-74b4c6e8f132,arendt.florist,available,32.99,32.99,medium,low,6,namesilo,,,20/09/2026 03:43
a2f494ab-d3cf-48bc-83fc-1ee75407679d,panicky.florist,available,14.99,46.99,medium,low,7,name.com,,,05/09/2026 00:54
fbb11bb3-e7c6-4d2f-b681-4c917f5a169d,backs.florist,available,32.99,32.99,medium,low,5,namesilo,,,18/09/2026 06:41
21c9c8f6-67af-4e67-b158-d680e98fafce,scc.florist,available,26.08,26.08,high,low,3,spaceship,,,30/09/2026 11:50
5da48016-8492-4cd7-94f7-81387375940c,figuring.florist,available,26.08,26.08,high,low,8,spaceship,,,29/09/2026 12:20
2b97fce3-62a5-4ee4-84d2-476ee3e166f0,ostensible.florist,available,14.99,46.99,medium,low,10,name.com,,,04/09/2026 18:29
547364ff-782d-4e98-adac-cbbec3f89244,logan.florist,premium,78.54,78.54,high,low,5,namesilo,,,25/09/2026 09:03
a3c62ee6-4915-4ef5-bac9-e366f97d8696,langer.florist,available,32.99,32.99,medium,low,6,namesilo,,,29/09/2026 02:56
2adc43dc-de7b-4a89-a4ae-6b93b5378d2b,licenced.florist,available,32.99,32.99,medium,low,8,namesilo,,,21/09/2026 15:56
ebaf78c5-3fef-4a74-8558-3118580e1958,conjunction.florist,available,14.99,,high,low,11,name.com,,,
2f451fbc-e76f-4460-8779-32d77cab1d24,backless.florist,available,14.99,46.99,medium,low,8,name.com,,,08/08/2026 05:48
4087a844-354a-43a2-92fa-1551e146da26,eastbound.florist,available,14.99,46.99,high,low,9,name.com,,,14/08/2026 22:50
dce06a36-91b4-4f3b-a20b-9608a7782029,meyers.florist,available,31.98,41.98,high,low,6,namecheap,,,27/09/2026 20:50
1d81c2b8-aea0-41f9-88d5-60e5dd8a2e0b,fern.florist,available,32.99,32.99,high,low,4,namesilo,,,29/09/2026 00:53
fe67109d-dccf-4c53-b6c4-89c0780d1999,subhuman.florist,available,31.98,41.98,medium,low,8,namecheap,,,10/09/2026 23:56
d8bb5f1d-a570-494c-b731-d6af6e9208a2,superficial.florist,available,26.08,26.08,medium,low,11,spaceship,,,28/09/2026 20:58
0a146b21-8ebd-4d0e-9070-c99a999491cb,miners.florist,available,25.2,25.2,medium,low,6,cloudflare,,,28/09/2026 18:17
5dd8488e-bc2d-49b4-8131-f9d51b1fad89,westminster.florist,available,14.99,,high,low,11,name.com,,,
eb1dc96c-7d57-48fb-b6ab-bbe076a09c98,unfixed.florist,available,31.98,41.98,medium,low,7,namecheap,,,12/09/2026 10:28
2bb47e57-498d-4051-8c92-585088fb9f9e,sterilised.florist,available,31.98,41.98,medium,low,10,namecheap,,,10/09/2026 20:13
b0b60793-769c-49c2-996a-1dc36d03acdf,minatory.florist,available,14.99,46.99,low,low,8,name.com,,,24/08/2026 19:58
e23724bf-5171-4fdc-8d33-879e9948ce8d,eagles.florist,available,32.99,32.99,high,low,6,namesilo,,,28/09/2026 16:13
27c4117e-a489-4f49-8e44-f9a5eebfd3e8,nia.florist,available,26.08,26.08,high,low,3,spaceship,,,29/09/2026 20:55
257a0a5a-05d9-4e7d-a9c8-b9de71ebaccc,use.florist,available,25.2,25.2,high,low,3,cloudflare,,,29/09/2026 17:38
b8af3636-7409-4a8c-9350-294178122a8b,violated.florist,available,32.99,32.99,medium,low,8,namesilo,,,27/09/2026 07:04
8b39f85c-f265-4977-8ca9-98dd4051e8cf,grandchild.florist,available,26.08,26.08,high,low,10,spaceship,,,29/09/2026 21:23
3c16dc49-6aa2-43a3-9bca-4fefd7377ba1,blessing.florist,available,14.99,46.99,high,low,8,name.com,,,06/08/2026 09:29
aa9f513d-cb0d-4863-878e-567f93dd621b,uncurbed.florist,available,31.98,41.98,medium,low,8,namecheap,,,12/09/2026 04:34
2654a441-eddd-4ad1-b12e-de16c85195ca,unblended.florist,available,31.98,41.98,medium,low,9,namecheap,,,12/09/2026 02:12
33fbf1f0-a16e-4716-9fda-a8686b5a8a2b,novice.florist,available,31.98,41.98,high,low,6,namecheap,,,23/09/2026 02:23
dea8ee2b-e625-46e3-a452-2681845733b7,pareto.florist,available,8.24,26.26,high,low,6,porkbun,,,30/09/2026 18:17
8ad0e4ac-757b-4ccd-a64a-0325ccf52af0,endowment.florist,available,8.24,26.97,high,low,9,dynadot,,,29/09/2026 18:11
36c8e67c-062f-4764-8af7-6ed4ae14e333,kings.florist,premium,242,242,high,low,5,namesilo,,,27/09/2026 07:24
41194222-60b7-497a-863c-423a5251904f,holy.florist,available,14.99,46.99,high,low,4,name.com,,,21/08/2026 10:43
bd488b04-4272-4756-8dbf-b90a5c4558a3,tearless.florist,available,14.99,46.99,medium,low,8,name.com,,,14/08/2026 20:31
bb521fc4-ec1f-4595-adf8-c94c752dd12a,airdrop.florist,available,32.99,32.99,high,low,7,namesilo,,,17/09/2026 23:06
92104ce8-cdb5-4b4a-accd-efed0f0cba6b,erik.florist,available,32.99,32.99,high,low,4,namesilo,,,25/09/2026 14:19
90bc8d73-2958-4cdd-b652-f535390a8763,seductive.florist,available,31.98,41.98,high,low,9,namecheap,,,10/09/2026 01:39
ace2f996-5399-4862-a194-142c4d671f72,slaphappy.florist,available,14.99,46.99,medium,low,9,name.com,,,14/08/2026 05:04
54eaa2ef-c7f5-497b-b0ab-780fadd60a6f,bacchante.florist,available,32.99,32.99,medium,low,9,namesilo,,,21/09/2026 13:59
5cce598c-4d4d-485c-a7fc-22902e93b86a,purcell.florist,available,32.99,32.99,high,low,7,namesilo,,,28/09/2026 02:05
d4d62d78-9b38-4473-bd1f-950f4f051eed,princess.florist,available,31.98,41.98,high,low,8,namecheap,,,30/09/2026 07:25
defd01aa-ba7f-4b77-a784-770d2fd8a745,sage.florist,available,32.99,32.99,high,medium,4,namesilo,,,19/09/2026 15:42
0ad70434-0f87-4429-aa5a-6f038c9b106a,squared.florist,available,31.98,41.98,high,low,7,namecheap,,,10/09/2026 17:27
41fa2064-537a-4c43-ac58-e75062005824,anjou.florist,available,32.99,32.99,high,low,5,namesilo,,,19/09/2026 09:39
8634e3cd-c491-4bc5-90d2-5a18c13eb6a3,matte.florist,available,32.99,32.99,high,low,5,namesilo,,,25/09/2026 17:39
4d424c00-8af8-4dfc-8187-b484dcaa541e,figurative.florist,available,32.99,32.99,medium,low,10,namesilo,,,19/09/2026 14:22
524c9ad1-e3f2-4b4c-a27c-b19067a7aad6,bph.florist,available,32.99,32.99,high,low,3,namesilo,,,23/09/2026 08:07
70f77799-64e5-4489-b4e4-d096e721f750,parting.florist,available,26.08,26.08,high,low,7,spaceship,,,29/09/2026 13:17
2446f60e-3bf4-411a-ab73-ca741f8f4fe6,orphanage.florist,available,8.24,26.26,medium,low,9,porkbun,,,28/09/2026 10:38
33dbe6ac-859a-4714-8ab3-d4517ffe1634,tsr.florist,available,25.2,25.2,high,low,3,cloudflare,,,01/10/2026 06:45
625b78df-4c2c-49fc-a3b4-5775137a6cc5,nickelodeon.florist,available,32.99,32.99,high,low,11,namesilo,,,01/10/2026 22:22
fb82d73d-64ee-4a09-99cb-75c19ebe106e,adducent.florist,available,14.99,46.99,medium,low,8,name.com,,,
5a98c5fb-f2bb-4676-95b4-3076c702657c,gloucester.florist,premium,34.36,34.36,high,low,10,spaceship,,,30/09/2026 09:55
9d569abc-6560-4d80-af89-49b10663625f,analyst.florist,available,25.2,25.2,high,low,7,cloudflare,,,28/09/2026 07:53
bccc37fb-2898-4aed-a503-b8fe683b098c,dentist.florist,available,32.99,32.99,high,low,7,namesilo,,,29/09/2026 13:59
c9e7c4b1-5772-47b3-b839-dfd2604e1a7d,maximal.florist,available,14.99,46.99,high,low,7,name.com,,,24/08/2026 17:54
3355d69c-2dbd-453c-8663-c7865ac25bea,teenagers.florist,available,26.08,26.08,medium,low,9,spaceship,,,28/09/2026 13:27
b24f4631-d48a-4144-b79c-cd9a8d091749,rigorously.florist,available,31.98,41.98,medium,low,10,namecheap,,,15/09/2026 23:46
3dfa8b41-c479-467c-9ca7-5a0978d9b952,barrack.florist,available,32.99,32.99,medium,low,7,namesilo,,,22/09/2026 07:48
afc51774-77ca-4a0a-99f8-0f6771ca2dea,ache.florist,available,14.99,46.99,medium,low,4,name.com,,,
3a35acf9-2572-4f2a-aca0-8cb7e731b9b0,terse.florist,available,14.99,46.99,medium,low,5,name.com,,,22/08/2026 18:16
64020c62-c13f-4fb8-ba8b-e1e05eac2a33,venter.florist,available,32.99,32.99,medium,low,6,namesilo,,,16/09/2026 14:46
8dd59848-e9d8-48b2-b802-343e523b1426,proxy.florist,available,8.24,26.26,high,medium,5,porkbun,,,30/09/2026 02:30
11b4df36-167a-4b38-b010-9025acff3062,kurt.florist,available,32.99,32.99,high,low,4,namesilo,,,25/09/2026 13:27
ef13f0f3-68a4-4966-a6de-82bf2ea4e707,pyrenees.florist,available,32.99,32.99,high,low,8,namesilo,,,30/09/2026 08:57
e3c2aaab-c2a1-4789-8337-72daa8148316,bhopal.florist,available,32.99,32.99,medium,low,6,namesilo,,,30/09/2026 20:45
6ac6ac03-55c6-4463-b357-d8e39723c38b,inhouse.florist,available,14.99,,high,low,8,name.com,,,
2d646572-2956-44be-9aeb-936c817863a1,raspberry.florist,available,32.99,32.99,medium,low,9,namesilo,,,24/09/2026 06:43
05a713bd-e49a-4ad5-854e-ee8d6f2d4e07,existed.florist,available,25.2,25.2,medium,low,7,cloudflare,,,27/09/2026 21:59
9fd5f5eb-4bf5-49cf-9568-961f96788728,branching.florist,available,14.99,46.99,high,low,9,name.com,,,11/08/2026 02:08
6113e1a9-1042-49a5-8806-8245ed3aa258,valves.florist,available,32.99,32.99,medium,low,6,namesilo,,,29/09/2026 23:44
7d1ea405-a0b5-4cdb-a7fb-acade4c37648,glamour.florist,available,14.99,46.99,high,low,7,name.com,,,21/08/2026 07:43
e8714d46-de0b-4af6-89eb-f9eff8223e98,banquette.florist,available,32.99,32.99,medium,low,9,namesilo,,,22/09/2026 03:08
1a0e517d-c0fd-4eb8-924f-f6855729efe6,adirondack.florist,available,26.08,26.08,medium,low,10,spaceship,,,28/09/2026 21:35
6c8846b2-7e86-4ddc-9328-919c4c3ba69a,zoom.florist,available,32.99,32.99,high,medium,4,namesilo,,,28/09/2026 15:12
f297a0fc-3a50-4677-944d-5cada0a6cfb2,meddlesome.florist,available,14.99,46.99,medium,low,10,name.com,,,11/08/2026 11:23
a7d05af5-e214-445f-850e-83e2e402620c,hutchinson.florist,available,32.99,32.99,high,low,10,namesilo,,,19/09/2026 10:20
e07fe5f9-72e6-44e9-8ac3-23db6a660812,medicinal.florist,available,14.99,46.99,high,low,9,name.com,,,24/08/2026 19:01
a3e6c12d-95fd-43b2-b15b-3d77069caf20,basswood.florist,available,14.99,46.99,medium,low,8,name.com,,,22/09/2026 12:34
4b278c29-f11f-4d84-8258-3db5f44867df,astrodome.florist,available,32.99,32.99,medium,low,9,namesilo,,,20/09/2026 17:37
acd9469b-63bd-4ad5-8dc0-bf0d55c8a814,lives.florist,available,31.98,41.98,high,low,5,namecheap,,,18/09/2026 05:57
55bd03d1-5ba2-4153-8212-48539c67d498,inculpable.florist,available,14.99,46.99,medium,low,10,name.com,,,10/08/2026 12:55
a4e5eb07-012d-4ab6-8109-9eb64341acde,extinct.florist,available,14.99,46.99,high,low,7,name.com,,,17/08/2026 19:11
50dee4fe-97a9-4ef3-b8f1-63e39bbbb109,cutting.florist,available,14.99,46.99,high,low,7,name.com,,,13/08/2026 13:12
2909a98a-784c-4b7b-93bb-a3e34534bb21,autarchy.florist,available,32.99,32.99,medium,low,8,namesilo,,,21/09/2026 05:05
e6d3a27d-23af-4f27-bc72-f4db569b09f7,devise.florist,available,25.2,25.2,high,low,6,cloudflare,,,29/09/2026 14:42
6f90829a-c0a0-4bf4-9b1f-a44e07581ccd,geddes.florist,available,32.99,32.99,medium,low,6,namesilo,,,29/09/2026 15:03
a12d96b6-d209-4759-aed6-3e4f6f3d7486,mitral.florist,available,14.99,46.99,medium,low,6,name.com,,,25/08/2026 02:10
14908605-af0e-4d55-9ecd-58a1340314e8,haggai.florist,available,31.98,41.98,medium,low,6,namecheap,,,17/09/2026 17:22
de02e564-7d7f-414e-bc12-7fbbc1a98161,pelvic.florist,available,31.98,41.98,high,low,6,namecheap,,,08/09/2026 13:42
090961d2-18fd-4f2f-aab1-fab3a4168bb5,nebraska.florist,premium,78.54,78.54,high,low,8,namesilo,,,29/09/2026 11:38
00e3347f-2457-4bd0-8b55-77c0518c6f78,abscessed.florist,available,14.99,46.99,medium,low,9,name.com,,,
022b3504-e9bb-4669-b1de-0ebf1f3e8fe3,resinlike.florist,available,31.98,41.98,medium,low,9,namecheap,,,09/09/2026 15:11
84a5f6f2-e2f9-409d-b9ad-b53467a89af0,mindfully.florist,available,31.98,41.98,high,low,9,namecheap,,,13/09/2026 17:29
94f38035-1850-4ddf-b6d2-dfc3491f1fc3,marbles.florist,available,25.2,25.2,high,low,7,cloudflare,,,29/09/2026 07:32
ae792f60-be85-4dde-979c-593d29bdc5ac,leggy.florist,available,14.99,46.99,medium,low,5,name.com,,,22/08/2026 22:57
1292403e-99b2-4399-a9c1-6c34b8da0f7d,runaway.florist,available,14.99,46.99,high,low,7,name.com,,,18/08/2026 17:46
fe0e29ee-e5eb-4f99-8e18-cba2e842e573,surplus.florist,available,14.99,46.99,high,low,7,name.com,,,17/08/2026 16:09
d0cbd989-4d65-4e31-8a44-0a3780ad0b46,southampton.florist,available,32.99,32.99,medium,low,11,namesilo,,,25/09/2026 14:27
3c502dde-3bef-4a37-b13a-e4d78e3b78ad,bok.florist,available,26.08,26.08,high,low,3,spaceship,,,30/09/2026 19:18
07c8d56f-2dde-4241-b22e-a93daa4b0ec1,interfaith.florist,available,14.99,46.99,high,low,10,name.com,,,22/08/2026 08:02
fa97cdb6-5bc2-4d22-98ad-4d6c6693ce57,last.florist,available,32.99,32.99,high,low,4,namesilo,,,30/09/2026 14:49
0c9fdd05-28c5-4550-bd44-247d8d567309,posted.florist,available,14.99,46.99,high,low,6,name.com,,,09/09/2026 00:21
c794a8cf-e5f5-4bb1-8b68-1b370bb23109,magnetised.florist,available,14.99,46.99,medium,low,10,name.com,,,24/08/2026 13:06
5a871595-c1de-4f1b-9a1d-ebe6856e3392,ethnologic.florist,available,14.99,46.99,medium,low,10,name.com,,,17/08/2026 13:51
0606b185-469f-40f3-bbde-9a2b739a20fe,seoul.florist,premium,42.9,42.9,high,low,5,namecheap,,,29/09/2026 06:58
dada32ae-a648-45c4-848d-f959493b5899,nonsocial.florist,available,31.98,41.98,medium,low,9,namecheap,,,03/09/2026 19:18
bbaf0672-65d3-425c-9e9c-baae3498a0f6,vologda.florist,available,31.98,41.98,medium,low,7,namecheap,,,30/09/2026 21:26
e437520a-05f9-4cc4-b5dd-4f33650d3f17,adequate.florist,available,31.98,41.98,high,low,8,namecheap,,,21/09/2026 18:22
3fc84940-55ef-4594-b4f5-f3ed9c5ca793,decca.florist,available,31.98,41.98,medium,low,5,namecheap,,,28/09/2026 21:44
e92ccc7a-897f-4b30-bf92-fa685061142e,hooter.florist,available,32.99,32.99,medium,low,6,namesilo,,,21/09/2026 07:22
af4615c5-92fe-44b7-abdb-8dbc3a423b74,leonidas.florist,available,32.99,32.99,high,low,8,namesilo,,,01/10/2026 02:52
abfc0d02-34e8-45d9-be12-25be7b6341e5,ascription.florist,available,32.99,32.99,medium,low,10,namesilo,,,20/09/2026 13:27
47b703e5-1f61-420c-9e1d-c6d5bb1c6ae0,longfellow.florist,available,8.24,26.97,medium,low,10,dynadot,,,29/09/2026 01:16
1f46b703-a0c3-4f3e-abc3-270a0f134325,platoon.florist,available,32.99,32.99,high,low,7,namesilo,,,27/09/2026 15:14
bbf1040c-24a5-4252-a6c2-fcab3ae2dd37,edgeways.florist,available,31.98,41.98,medium,low,8,namecheap,,,14/09/2026 15:04
757bd182-7a9d-4a61-9a82-823d05886c16,steeply.florist,available,31.98,41.98,medium,low,7,namecheap,,,16/09/2026 06:59
b34fce24-3a1e-4694-8043-2f17a6ca128d,oliver.florist,available,32.99,32.99,high,low,6,namesilo,,,25/09/2026 08:05
87e72ade-907e-4d6f-8c4f-7c64d76f93ec,multicolor.florist,available,31.98,41.98,high,low,10,namecheap,,,03/09/2026 10:35
b34912a7-5cce-4fa6-9d21-2661134a4a0b,agendum.florist,available,32.99,32.99,medium,low,7,namesilo,,,17/09/2026 17:05
b42d2931-739b-4043-adb1-8e399e7c6559,sing.florist,available,32.99,32.99,high,low,4,namesilo,,,30/09/2026 06:34
27938d0c-0a63-4027-aa6b-2a191a337f9a,angular.florist,available,32.99,32.99,high,low,7,namesilo,,,22/09/2026 04:30
e8f8934c-883e-48ec-b957-f80cbf68200e,hobson.florist,available,31.98,41.98,medium,low,6,namecheap,,,28/09/2026 12:14
bf598acb-9f80-41df-8e58-0a1c77192961,unstaged.florist,available,31.98,41.98,medium,low,8,namecheap,,,12/09/2026 20:29
42247f26-3898-4308-91de-92ab4cb4a8b2,orthopedic.florist,available,31.98,41.98,high,low,10,namecheap,,,04/09/2026 18:03
cc7261eb-b5ea-4c16-a12c-6b15d00fc1ec,referees.florist,available,32.99,32.99,medium,low,8,namesilo,,,20/09/2026 11:54
31c4724b-0019-4345-ae70-a7211fca5d88,freehand.florist,available,14.99,46.99,high,low,8,name.com,,,18/08/2026 14:55
72e2be75-e9e1-4da7-bda2-0734c14ce99a,renal.florist,available,31.98,41.98,medium,low,5,namecheap,,,09/09/2026 13:51
741f26c9-dd67-4d6b-8221-fb9cdf93c7e3,mangled.florist,available,14.99,46.99,medium,low,7,name.com,,,24/08/2026 14:53
b6803f08-8ce8-4525-9278-6abc09c1a18f,spawn.florist,available,32.99,32.99,high,low,5,namesilo,,,30/09/2026 00:52
16a645a4-cb07-4dde-8c01-85b01d42c67a,carson.florist,available,26.08,26.08,high,low,6,spaceship,,,28/09/2026 01:36
788d628b-97b9-4e04-b6bd-05bb26b336f6,expansion.florist,available,26.08,26.08,high,low,9,spaceship,,,28/09/2026 19:05
3b088d8e-0137-433b-9721-50e27d8496bb,navigable.florist,available,31.98,41.98,medium,low,9,namecheap,,,03/09/2026 14:13
e21434a2-3814-47c9-9d42-e1dd6911ecbe,contents.florist,available,32.99,32.99,high,low,8,namesilo,,,29/09/2026 11:23
f7fb9076-edf6-493d-91f9-e0f9da389726,lemonade.florist,available,32.99,32.99,high,low,8,namesilo,,,29/09/2026 01:34
3886d7c7-fdc3-4dd4-9c91-39ba8a417898,thrust.florist,available,32.99,32.99,high,low,6,namesilo,,,25/09/2026 00:11
112d8e46-bac1-4779-816d-aed514b70612,clovers.florist,available,31.98,41.98,high,low,7,namecheap,,,21/09/2026 06:52
c20af727-58a1-4543-ba28-fe1c6bc0ed6e,zaman.florist,available,32.99,32.99,high,low,5,namesilo,,,18/09/2026 03:15
052c05fd-022e-4420-8578-c637b1c9e51f,antonius.florist,available,32.99,32.99,medium,low,8,namesilo,,,19/09/2026 13:34
f270175e-cddb-4582-b70c-be3b2cb26b7f,briggs.florist,available,32.99,32.99,high,low,6,namesilo,,,25/09/2026 15:50
5feded1e-400f-4ae4-aca2-8c7782164ed0,cabot.florist,available,25.2,25.2,medium,low,5,cloudflare,,,30/09/2026 08:53
31a47110-3cd9-4955-893d-efe5d971aeec,collinear.florist,available,14.99,46.99,medium,low,9,name.com,,,12/08/2026 17:10
afb3b83e-6536-49fd-82de-571aef536e25,grecian.florist,available,14.99,46.99,high,low,7,name.com,,,20/08/2026 19:44
fd717bec-4501-4532-bc3f-827736425385,conflict.florist,available,32.99,32.99,high,low,8,namesilo,,,22/09/2026 14:40
9e05ac1e-0cd1-4ab3-87ae-15d03f3c47c5,arrester.florist,available,32.99,32.99,medium,low,8,namesilo,,,20/09/2026 09:09
e4aeb06f-3257-4b04-8631-03bac1140905,angles.florist,available,31.98,41.98,medium,low,6,namecheap,,,28/09/2026 16:57
e11a3173-9098-462f-aa6a-44203b8c198c,didrikson.florist,available,14.99,46.99,medium,low,9,name.com,,,21/09/2026 12:34
89525a8d-9afe-4ac8-824b-595718df5eb6,massage.florist,available,32.99,32.99,high,low,7,namesilo,,,30/09/2026 03:59
96a01767-9847-4f68-b3fe-14b540c4ee35,arguments.florist,available,31.98,41.98,medium,low,9,namecheap,,,16/09/2026 05:03
f96d32c2-0217-4ce7-9ba0-916b2feb6b43,chanukah.florist,available,32.99,32.99,high,low,8,namesilo,,,29/09/2026 08:10
3eff8fde-fdcf-4234-adbe-a02573b163a4,notional.florist,available,14.99,46.99,high,low,8,name.com,,,12/08/2026 20:01
78b85c08-062b-4ca7-b7f8-bfeb24328cb2,autoimmune.florist,available,14.99,46.99,medium,low,10,name.com,,,07/08/2026 20:32
b8a8478f-48cd-4079-baf9-7371579b729d,danes.florist,available,25.2,25.2,medium,low,5,cloudflare,,,30/09/2026 14:16
6df5441f-1beb-4c42-a6e0-b3b25fdc90eb,edward.florist,premium,78.54,78.54,high,low,6,namesilo,,,18/09/2026 02:39
75284b8b-7a90-4798-845b-b19b31058c66,xinhua.florist,available,8.24,26.97,medium,low,6,dynadot,,,30/09/2026 05:40
8d87430c-9c4a-4ee4-8e14-8cc9fe0d67eb,border.florist,available,32.99,32.99,high,low,6,namesilo,,,23/09/2026 00:10
b995dd0f-efb4-4e0f-b70b-ab6e4c97c5f6,donnish.florist,available,14.99,46.99,medium,low,7,name.com,,,14/08/2026 15:53
668f686e-0085-4755-9db5-f5874dffa17d,plausibly.florist,available,31.98,41.98,medium,low,9,namecheap,,,14/09/2026 09:28
7a23041d-3681-457d-8056-9717f306002c,yamamoto.florist,available,8.24,26.97,medium,low,8,dynadot,,,28/09/2026 19:31
9a209ec9-5cf1-4688-8c33-9f0e531c24f0,dragonfly.florist,available,25.2,25.2,high,low,9,cloudflare,,,30/09/2026 01:23
132e90ba-bc0c-455b-954b-2e0bf7cc3252,flynn.florist,available,32.99,32.99,high,low,5,namesilo,,,25/09/2026 15:37
3b652efc-aafb-4fb3-b25a-8c408f968b40,metier.florist,available,14.99,46.99,high,low,6,name.com,,,18/08/2026 12:29
d78c49b1-3980-4bcd-b5d1-1ea64c23d823,fires.florist,available,32.99,32.99,medium,low,5,namesilo,,,18/09/2026 04:40
c2bc70d0-0599-4313-857e-443c4005bc8e,rump.florist,available,14.99,46.99,medium,low,4,name.com,,,09/08/2026 11:28
24fad253-ccd5-4ddd-a4f7-e6678d4bfd0c,inept.florist,available,14.99,46.99,medium,low,5,name.com,,,21/08/2026 18:53
2b74e0e1-e5ad-458e-9624-e285e41c59f9,willful.florist,available,14.99,46.99,medium,low,7,name.com,,,18/08/2026 16:37
e3946f8e-9f51-4a4a-b797-569a2f18f5a6,fizzy.florist,available,14.99,46.99,high,low,5,name.com,,,18/08/2026 06:03
04bf3469-b82d-47e5-aea3-a08f59cbda2d,philia.florist,available,32.99,32.99,high,low,6,namesilo,,,17/09/2026 14:21
3879ee34-9bd3-4018-8de7-d0af13eedb4b,hibernal.florist,available,14.99,46.99,medium,low,8,name.com,,,11/08/2026 06:38
8c8e9dd1-5a9a-4824-9203-0d2f70277bfa,equal.florist,available,31.98,41.98,high,low,5,namecheap,,,21/09/2026 18:27
aee8b499-b93f-4018-a18d-1b75e5f21223,monologue.florist,available,8.24,26.26,high,low,9,porkbun,,,30/09/2026 10:35
1d3cfac2-cc6f-411f-b30e-3968cca02050,hangover.florist,available,32.99,32.99,high,low,9,namesilo,,,30/09/2026 01:50
ed38c6f6-ede4-4f9c-8119-e0029c11518f,varying.florist,available,31.98,41.98,high,low,7,namecheap,,,13/09/2026 01:31
272408d0-0ed6-4e5f-91b3-5835df20da20,complainer.florist,available,31.98,41.98,medium,low,10,namecheap,,,23/09/2026 06:45
612c2959-635e-43ff-b74e-c9f2d2f69627,comestible.florist,available,14.99,46.99,medium,low,10,name.com,,,12/08/2026 18:45
e63a9d20-3199-49dd-8708-3896a39879ad,clause.florist,available,14.99,46.99,high,low,6,name.com,,,24/09/2026 15:20
fed39975-7096-4155-a85d-23e2d419f44e,moi.florist,available,49.99,49.99,high,low,3,godaddy,,,01/10/2026 01:27
15bb89a9-eb9f-49eb-a698-e0bd543ff64c,trumpcare.florist,available,14.99,,medium,low,10,name.com,,,
b8fd2ba1-c0e8-418c-8274-2b459fe446c0,center.florist,premium,207.2,207.2,high,low,6,spaceship,,,30/09/2026 13:21
1091d33e-bc3c-49e7-814d-757ab639013b,csm.florist,available,26.08,26.08,high,low,3,spaceship,,,30/09/2026 20:24
79520b14-4dc4-43ff-9e9e-0033fdec93e0,nan.florist,available,31.98,41.98,high,low,3,namecheap,,,29/09/2026 21:19
97925230-0b80-4dd3-b887-af0484cb98f3,limb.florist,available,32.99,32.99,medium,low,4,namesilo,,,28/09/2026 10:14
39c28d62-8c34-4b0a-aa59-d54733e5f838,retrovir.florist,available,32.99,32.99,medium,low,8,namesilo,,,21/09/2026 11:31
b472a2e4-0b4d-4fc0-bec4-76813fccf118,hex.florist,available,14.99,46.99,high,medium,3,name.com,,,21/08/2026 07:35
489a2a08-54d5-43a7-8ae4-8a62e4ca2a50,names.florist,premium,128.7,128.7,high,low,5,namecheap,,,25/09/2026 09:32
bd762eee-fc78-4484-8226-94fc51d83b78,trio.florist,available,32.99,32.99,high,low,4,namesilo,,,21/09/2026 13:05
3792e2c8-e69c-48e0-a42e-d7df9a91b1ee,northbound.florist,available,31.98,41.98,high,low,10,namecheap,,,03/09/2026 21:29
6174af99-df7a-4d79-8cd9-74ded511e6ae,organisation.florist,available,25.2,25.2,medium,low,12,cloudflare,,,29/09/2026 04:49
8cce9ba5-26a5-4e18-8b56-fe9c0ba5ca6d,middletown.florist,available,26.08,26.08,medium,low,10,spaceship,,,27/09/2026 21:20
a82149d1-d470-4515-80bb-c8bdcd2a1327,anatolian.florist,available,32.99,32.99,medium,low,9,namesilo,,,19/09/2026 03:29
d06dc702-cfee-4eff-9ac7-86cbb9717cee,quavering.florist,available,31.98,41.98,medium,low,9,namecheap,,,09/09/2026 07:44
e60e3e26-a8ed-4692-b2ca-eefdd80f40ff,promises.florist,available,32.99,32.99,medium,low,8,namesilo,,,27/09/2026 03:01
d716a6a1-37cd-422d-a0f3-d20fd8866d8f,arcadic.florist,available,32.99,32.99,medium,low,7,namesilo,,,20/09/2026 01:36
94912a68-4a1a-4155-8a2d-7a389c7018fb,campanula.florist,available,32.99,32.99,high,low,9,namesilo,,,23/09/2026 06:05
ac61db8a-71ea-48a8-9f64-2c57139b5de1,doom.florist,available,32.99,32.99,high,low,4,namesilo,,,24/09/2026 23:34
b1158e67-30e5-4923-ad80-49b3606570d5,herewith.florist,available,14.99,46.99,medium,low,8,name.com,,,15/09/2026 00:27
2d7bda5f-9470-4d72-ae97-222448615442,vanderbilt.florist,available,31.98,41.98,high,low,10,namecheap,,,25/09/2026 04:24
40abe0b3-f46f-434b-8f2a-41f3baeb2955,vitamins.florist,available,32.99,32.99,medium,low,8,namesilo,,,28/09/2026 08:13
fae28dd1-a580-4fbd-addd-f4bc0bfae6d3,qian.florist,available,8.24,26.26,high,low,4,porkbun,,,29/09/2026 10:05
fa4d3c3a-f2b2-4c4d-926e-371f81f395e4,appease.florist,available,14.99,46.99,high,low,7,name.com,,,18/08/2026 22:08
9fdf9362-320f-49cb-99a0-042baa9780d7,gdr.florist,available,31.98,41.98,high,low,3,namecheap,,,28/09/2026 07:11
79cc5e6b-3a84-43f4-b803-f235255cf940,maple.florist,premium,207.2,207.2,high,medium,5,spaceship,,,28/09/2026 06:21
46da7f04-6e2f-49e2-924e-b07eeee2073f,exothermal.florist,available,14.99,46.99,medium,low,10,name.com,,,17/08/2026 17:47
45893bab-733e-4e84-a348-65efcbc50492,designated.florist,available,31.98,41.98,medium,low,10,namecheap,,,28/09/2026 22:42
91632e3d-0454-4e62-acea-e4a9346b383c,sharply.florist,available,32.99,32.99,medium,low,7,namesilo,,,27/09/2026 20:32
368e8e97-3320-431d-bed6-312fd4203a28,blatta.florist,available,32.99,32.99,medium,low,6,namesilo,,,24/09/2026 04:54
49cb1766-5eff-40a9-b10b-62159c0bae7e,bandanna.florist,available,32.99,32.99,high,low,8,namesilo,,,22/09/2026 00:59
9c178ff2-9644-43e0-bfda-2ba600a2ac5a,downer.florist,available,14.99,46.99,medium,low,6,name.com,,,14/08/2026 02:41
ac7befba-bdca-4442-95b0-1c8aeedfa9ed,strumpet.florist,available,32.99,32.99,medium,low,8,namesilo,,,17/09/2026 10:22
ece72ac9-0cfc-47fe-ac71-58aefeaa499a,amine.florist,available,31.98,41.98,high,low,5,namecheap,,,18/09/2026 21:41
a3c38e4a-c3f0-47d5-9e66-c714f40e9069,sear.florist,available,14.99,46.99,medium,low,4,name.com,,,14/08/2026 19:05
f9dc5fdf-3329-42df-89db-c2f80ca3d719,progressively.florist,available,31.98,41.98,medium,low,13,namecheap,,,30/09/2026 12:19
b6b2a5f8-1d22-46ef-895c-deb5ae83c362,benet.florist,available,31.98,41.98,high,low,5,namecheap,,,23/09/2026 07:58
442b536d-389b-4aa2-91b3-255456fa5c98,certificates.florist,available,26.08,26.08,medium,low,12,spaceship,,,30/09/2026 00:39
0073980d-048a-4ed9-850f-ceae44e1ec1e,jects.florist,available,32.99,32.99,high,low,5,namesilo,,,02/10/2026 02:50
ff685161-b58f-4812-a09b-7f5d68438d5e,naval.florist,available,31.98,41.98,high,low,5,namecheap,,,03/09/2026 14:07
4dfaa6f1-16a0-43e9-8995-cee70ea46164,okay.florist,available,32.99,32.99,high,low,4,namesilo,,,22/09/2026 01:07
bab01068-e619-4a3d-8a94-eac2bd1599e9,exhibited.florist,available,25.2,25.2,medium,low,9,cloudflare,,,30/09/2026 15:15
202d6827-7e7b-4a83-b33c-bc2f95a1ab45,afternoons.florist,available,32.99,32.99,medium,low,10,namesilo,,,29/09/2026 10:29
ea1e6808-db54-46d5-a58e-e208f9e6e1dc,feasibly.florist,available,31.98,41.98,medium,low,8,namecheap,,,14/09/2026 18:08
259bcde6-22e7-4adb-92c1-6c3867d99503,tiles.florist,available,32.99,32.99,high,low,5,namesilo,,,29/09/2026 16:35
37802200-9e18-4a41-9f68-cc50b8cffde7,muhammadan.florist,available,14.99,46.99,medium,low,10,name.com,,,25/08/2026 03:21
5b45bc82-ab4a-41ab-8c16-4b5481f5d787,indoors.florist,available,14.99,46.99,high,low,7,name.com,,,22/08/2026 07:03
18bf9e93-ff14-4b8a-97fd-b192507ff378,kite.florist,available,26.08,26.08,high,low,4,spaceship,,,29/09/2026 13:15
4be9f38a-5f9a-4bd1-816f-83bce8b82fcf,ternate.florist,available,31.98,41.98,medium,low,7,namecheap,,,11/09/2026 11:53
de539e66-7c57-4ad9-b602-419e84360284,fond.florist,available,32.99,32.99,high,low,4,namesilo,,,21/09/2026 21:45
b37f313c-daf9-4786-a83f-f515f599fb71,maneuvering.florist,available,32.99,32.99,high,low,11,namesilo,,,01/10/2026 23:02
e91d3cd2-fbba-4453-a72f-af0458b77896,broader.florist,available,25.2,25.2,medium,low,7,cloudflare,,,01/10/2026 00:23
3fe10521-0305-4e9a-92dd-e331ca87aae5,lois.florist,premium,38.94,38.94,medium,low,4,namesilo,,,25/09/2026 15:30
bed468af-4ad3-4bc0-bcd9-330f05e6b5e4,abscissa.florist,available,32.99,32.99,medium,low,8,namesilo,,,16/09/2026 17:32
1fda8ee8-d0c7-4762-8618-d02159cb2997,gregg.florist,available,14.99,,high,low,5,name.com,,,
33a2cb07-7c78-4b88-b2e2-b0bb0c9d95b7,abydos.florist,available,31.98,41.98,medium,low,6,namecheap,,,16/09/2026 19:41
29863226-c71f-4422-9d2c-976a538d794c,gigs.florist,available,32.99,32.99,medium,low,4,namesilo,,,02/10/2026 02:58
b3d6aab4-b109-46be-aa5d-0e212f460b7c,crisp.florist,available,32.99,32.99,high,low,5,namesilo,,,24/09/2026 01:53
406f86ae-a40c-4a67-ab46-4f66983241b2,filed.florist,available,14.99,,medium,low,5,name.com,,,
05907bd2-2487-45c5-a175-b97a113d11ff,awaiting.florist,available,26.08,26.08,low,low,8,spaceship,,,28/09/2026 17:49
2771d5c7-482b-492b-a715-7fc4d91b7732,abdominous.florist,available,14.99,46.99,medium,low,10,name.com,,,
504f72ed-5d0b-4171-a6bc-613a1b38bd3d,cretan.florist,available,8.24,26.97,high,low,6,dynadot,,,30/09/2026 01:09
f4bab29c-4c2b-4d21-9eaa-a3608f14fa20,yucatan.florist,available,32.99,32.99,medium,low,7,namesilo,,,30/09/2026 03:11
036239d3-6b65-4cf3-ac4b-531ddea0d687,plant.florist,available,31.98,41.98,high,low,5,namecheap,,,25/09/2026 07:48
06267920-d5dd-4e3b-bd32-1a03179048a6,est.florist,available,26.08,26.08,high,low,3,spaceship,,,28/09/2026 01:49
34645369-b458-4067-86db-6ad3e69d49ef,ssw.florist,available,32.99,32.99,high,low,3,namesilo,,,16/09/2026 05:21
ac2e3bae-ab22-4764-909a-e9841d3ebb49,sculptural.florist,available,14.99,46.99,medium,low,10,name.com,,,25/08/2026 02:53
8902a55e-a52d-490a-b314-773ad09c644a,vestiary.florist,available,31.98,41.98,medium,low,8,namecheap,,,13/09/2026 04:51
853d1b18-9059-464a-9599-15a64e30f2cf,downpour.florist,available,31.98,41.98,high,low,8,namecheap,,,24/09/2026 16:02
bdcb2349-9052-4165-af46-171a6d1918ba,ravioli.florist,available,31.98,41.98,high,low,7,namecheap,,,24/09/2026 12:37
74aab32d-0c58-4dab-9067-d35f5d6e90e1,sissy.florist,available,14.99,46.99,medium,low,5,name.com,,,12/08/2026 08:45
5f33a3fe-8f70-4b8d-a232-ba3ee41b10db,never.florist,available,26.08,26.08,high,low,5,spaceship,,,28/09/2026 16:23
72fbaec2-ed36-4d91-9515-437cb7524dca,warrington.florist,available,26.08,26.08,medium,low,10,spaceship,,,28/09/2026 07:51
510fa07a-b460-4883-9e92-ed0169fcd048,dioecious.florist,available,14.99,46.99,medium,low,9,name.com,,,14/08/2026 08:20
3d1a12d2-fbae-49cf-bb51-249d2aac2f1a,slump.florist,available,32.99,32.99,medium,low,5,namesilo,,,30/09/2026 09:25
570becd9-0fd2-4f20-8a2f-0404bf7be92a,ven.florist,available,32.99,32.99,medium,low,3,namesilo,,,29/09/2026 16:15
9b2e6763-cde2-4fc2-b38a-105de4351c92,supervillains.florist,available,31.98,41.98,low,low,13,namecheap,,,21/09/2026 05:46
371ab07f-60ed-440d-b644-c66995af07ad,beside.florist,available,25.2,25.2,high,low,6,cloudflare,,,01/10/2026 03:19
afc11124-c576-4709-a14d-4e4ef42915a1,bandages.florist,available,26.08,26.08,medium,low,8,spaceship,,,01/10/2026 17:46
e5de04a2-b372-4276-b8bf-f9932909ebe3,garza.florist,available,31.98,41.98,medium,low,5,namecheap,,,28/09/2026 21:33
2f367812-0f69-4a71-80a4-b0ef949dc23b,edentulous.florist,available,14.99,46.99,medium,low,10,name.com,,,15/08/2026 08:36
42242902-fab9-4bda-a9b1-582135ab54c5,backpack.florist,available,26.08,26.08,high,low,8,spaceship,,,29/09/2026 00:17
505a456e-f0c4-49fa-9d9f-7dd6b63a8ab9,paranoid.florist,available,31.98,41.98,high,low,8,namecheap,,,08/09/2026 01:06
2524db9b-520e-467f-b93c-8a368a450e57,charlene.florist,available,25.2,25.2,medium,low,8,cloudflare,,,30/09/2026 21:03
640892b0-4b7f-449d-972e-d443f2b2dcad,ollie.florist,available,32.99,32.99,high,low,5,namesilo,,,29/09/2026 03:12
212b67ea-fcb4-47e6-a475-fa4f18443d67,lesbians.florist,available,26.08,26.08,medium,low,8,spaceship,,,29/09/2026 17:48
4fe240b9-211b-4cdd-a8c3-a5b0783e46ca,commons.florist,available,32.99,32.99,high,low,7,namesilo,,,23/09/2026 16:05
a64c9cbc-5460-45b1-9ba5-5412eb1d7e97,anaheim.florist,premium,118.8,118.8,high,low,7,namesilo,,,19/09/2026 01:31
12457b7d-f6f0-4215-b9fe-2b02bbc2e419,disparity.florist,available,26.08,26.08,medium,low,9,spaceship,,,29/09/2026 16:06
ebc51c9c-5a50-41aa-95a1-dd9c5d5502ff,bsarch.florist,available,32.99,32.99,medium,low,6,namesilo,,,21/09/2026 14:16
3308dfdb-fdd7-4702-989d-c1597dcdef37,humoral.florist,available,14.99,46.99,medium,low,7,name.com,,,21/08/2026 15:21
a1df78ff-9e84-4ea4-bd4c-8cd59bbbe990,stochastic.florist,available,31.98,41.98,medium,low,10,namecheap,,,10/09/2026 20:50
afff9d1c-3280-4b84-84a9-dba800cca7cb,freckled.florist,available,14.99,46.99,medium,low,8,name.com,,,18/08/2026 14:26
4833bf50-f1ca-4aaa-b8e1-7464dea5cb95,discus.florist,available,31.98,41.98,high,low,6,namecheap,,,24/09/2026 22:35
41916954-9df7-427e-952d-25f5d506e0fb,juanita.florist,available,26.08,26.08,medium,low,7,spaceship,,,30/09/2026 04:54
27d67acf-c07c-4549-aecc-02d365ed883a,sundays.florist,available,32.99,32.99,high,low,7,namesilo,,,18/09/2026 10:50
576a84c4-aa83-4c78-8d42-e2abd7f3f1af,elaine.florist,available,32.99,32.99,high,low,6,namesilo,,,25/09/2026 15:24
0556d3d9-2d74-4ccc-8b5c-7e1768298b49,mildred.florist,available,32.99,32.99,medium,low,7,namesilo,,,28/09/2026 12:04
271ad63d-526c-43a3-a72d-9377ce4a353d,taradiddle.florist,available,32.99,32.99,medium,low,10,namesilo,,,21/09/2026 23:52
06b45076-e4d4-4ca6-b34d-665e8b9f3af7,trieste.florist,available,31.98,41.98,medium,low,7,namecheap,,,27/09/2026 18:38
6eac8326-b792-44ee-93d9-49d030b558ec,blind.florist,available,32.99,32.99,high,low,5,namesilo,,,22/09/2026 21:56
fe642078-99d6-4c5b-8779-39cbbbae5a23,burleigh.florist,available,32.99,32.99,medium,low,8,namesilo,,,30/09/2026 13:50
3bb800c5-e751-4ee0-a03f-4aaa59654793,alcoholics.florist,available,32.99,32.99,low,low,10,namesilo,,,18/09/2026 22:27
3e8f93d8-b07d-4ab6-b23a-773417545404,ies.florist,available,26.08,26.08,medium,low,3,spaceship,,,01/10/2026 16:28
153398b6-f590-483d-8653-ebc6c0b73f9b,seniors.florist,available,26.08,26.08,medium,low,7,spaceship,,,29/09/2026 05:13
2a78a74f-9151-4a2d-ad47-d40fdeed0cf1,sausage.florist,available,32.99,32.99,high,low,7,namesilo,,,30/09/2026 10:39
bec2f581-2ed9-4880-83e1-415c65f4ac5c,parachute.florist,available,32.99,32.99,high,low,9,namesilo,,,28/09/2026 13:43
104f6e36-e9dc-4a74-bc01-c670efe3cf8b,exclude.florist,available,31.98,41.98,high,low,7,namecheap,,,22/09/2026 03:43
d40b16e2-a42e-4d1d-9c42-92f3aaaa07d9,butterball.florist,available,14.99,46.99,medium,low,10,name.com,,,17/08/2026 23:59
7231620a-559b-411a-9dfa-be63c5698219,anatomic.florist,available,14.99,46.99,medium,low,8,name.com,,,
834a25b9-8cd9-4970-b22a-e604311356c9,condition.florist,available,26.08,26.08,high,low,9,spaceship,,,29/09/2026 10:38
f99795ce-0bab-48d3-a902-f23fc6bd5ad1,leadership.florist,available,32.99,32.99,high,low,10,namesilo,,,30/09/2026 02:30
acc95781-08de-48be-9a0a-38c63040ded6,variegated.florist,available,31.98,41.98,medium,low,10,namecheap,,,13/09/2026 01:18
53e5b707-edf8-475a-a011-0ec086c7563c,intramural.florist,available,14.99,46.99,high,low,10,name.com,,,22/08/2026 08:43
ffa382e9-9703-4643-81a6-77cd4e2ca92f,invoice.florist,available,26.08,26.08,high,low,8,spaceship,,,01/10/2026 17:37
45ab78cb-c12d-408b-9440-29dc9508bbdc,bogdan.florist,available,25.2,25.2,high,low,6,cloudflare,,,01/10/2026 23:51
f8a5cb01-a051-4f2b-b433-fdae4ba0400e,nodding.florist,available,14.99,46.99,high,low,7,name.com,,,12/08/2026 00:48
60612c79-82e8-46bc-a3cb-75c31d1a5e2b,transferring.florist,available,32.99,32.99,high,low,12,namesilo,,,28/09/2026 16:00
0572ba11-fa96-4eb2-81aa-5733b8ee2b15,hoarse.florist,available,14.99,46.99,medium,low,6,name.com,,,21/08/2026 10:10
c9c77ed4-be49-4550-a9b2-5f1f886b64d1,displaying.florist,available,26.08,26.08,medium,low,10,spaceship,,,01/10/2026 16:09
fd2fb925-4514-4a0a-b7c8-6f69c3c88068,consequently.florist,available,8.24,26.26,medium,low,12,porkbun,,,29/09/2026 10:11
713b470f-b842-4fa7-a858-abcb22f4a3e5,vaginal.florist,available,31.98,41.98,medium,low,7,namecheap,,,13/09/2026 00:49
bbf5ba08-e83e-41b3-8feb-7da8cf4064df,hoped.florist,available,32.99,32.99,medium,low,5,namesilo,,,27/09/2026 02:59
e1fb0fb3-ce22-4ccb-8c57-c95dcea98dcf,arbiter.florist,available,32.99,32.99,high,low,7,namesilo,,,20/09/2026 00:41
3da09af5-707d-4ca1-b405-6dd6037b734c,convex.florist,available,14.99,46.99,high,low,6,name.com,,,11/08/2026 08:24
cd50a272-b09c-4a93-8536-5cf922eb6f57,masonic.florist,available,14.99,46.99,high,low,7,name.com,,,24/08/2026 16:39
d57c2d3a-129f-44c7-8d60-fff9e8c0130f,page.florist,available,8.24,26.97,high,medium,4,dynadot,,,30/09/2026 06:20
e5665fef-ec83-478e-9b66-9b9ef25bb245,manners.florist,available,32.99,32.99,high,low,7,namesilo,,,27/09/2026 04:41
27ed4fcf-4a5a-4a1d-90e9-dadfaddde564,confounded.florist,available,14.99,46.99,medium,low,10,name.com,,,07/08/2026 11:57
1d5c821d-9fae-4245-bcd4-319741e15d55,maximizing.florist,available,14.99,46.99,high,low,10,name.com,,,24/08/2026 17:56
00355ec4-45dd-4002-843e-15da81558b13,porkfish.florist,available,32.99,32.99,medium,low,8,namesilo,,,19/09/2026 09:38
919d2dcf-7049-4a95-ac6f-0598cac2c984,bloodstream.florist,available,25.2,25.2,high,low,11,cloudflare,,,01/10/2026 04:23
0237c8b5-3cdb-4c8d-97fb-bb92c6c91cdc,intertidal.florist,available,14.99,46.99,high,low,10,name.com,,,22/08/2026 08:21
b7cfb200-2150-4e6b-b1e5-ba8e0354337f,inspirational.florist,available,8.24,26.26,high,low,13,porkbun,,,01/10/2026 23:48
e959cdb3-723a-45ee-844f-08430f2a2de7,rimy.florist,available,31.98,41.98,medium,low,4,namecheap,,,09/09/2026 17:41
8ee42529-4451-41bf-95ab-89c5903c58b4,haste.florist,available,25.2,25.2,high,low,5,cloudflare,,,27/09/2026 17:08
cb15918f-b4c0-41cb-845b-d01bc0e5b2a1,plural.florist,available,31.98,41.98,high,low,6,namecheap,,,08/09/2026 22:02
eedfcb71-4d18-4c64-8308-50fa4e08b0f8,colbert.florist,available,26.08,26.08,medium,low,7,spaceship,,,27/09/2026 12:41
9d11b933-2533-4bce-ac57-fb26b20439b0,xlvi.florist,available,14.99,46.99,medium,low,4,name.com,,,
48176a24-4b59-49a1-8c34-115df71711bb,filtering.florist,available,25.2,25.2,high,low,9,cloudflare,,,30/09/2026 23:23
8dd3ccae-b9d3-4ef9-9f08-1dadc1632a7f,nidifugous.florist,available,31.98,41.98,low,low,10,namecheap,,,03/09/2026 17:08
cc7f42b7-1487-4834-a202-6e13e80d7dbf,baudelaire.florist,available,32.99,32.99,high,low,10,namesilo,,,22/09/2026 16:35
91435dc9-fcaa-48ee-a299-d446bfde420d,tasmania.florist,available,26.08,26.08,high,low,8,spaceship,,,27/09/2026 16:02
3ab9e013-04c9-4970-bda3-a57f3aa27bbe,nord.florist,available,8.24,26.26,high,low,4,porkbun,,,27/09/2026 18:56
e25ca5d3-5a39-4ebc-8211-ce50128d3b3b,juror.florist,available,26.08,26.08,high,low,5,spaceship,,,01/10/2026 20:11
d0dec9f8-c65a-4eb4-87b0-381283649a46,springer.florist,available,26.08,26.08,high,low,8,spaceship,,,01/10/2026 03:51
07ada13f-8e5b-47a5-8b4d-baa9a70334a8,firearms.florist,available,32.99,32.99,medium,low,8,namesilo,,,28/09/2026 22:59
9a47fab8-e168-4f89-a42b-59abb7fd2c07,tatty.florist,available,14.99,46.99,medium,low,5,name.com,,,18/08/2026 06:42
dd597bb8-87dc-4da1-9230-db2fb502f76f,graveyard.florist,available,32.99,32.99,high,low,9,namesilo,,,28/09/2026 01:14
77264671-c4b2-47ba-ba0f-486494a91474,morose.florist,available,14.99,46.99,medium,low,6,name.com,,,20/08/2026 15:01
fb9810a2-3be8-4804-ab77-609762590933,alleged.florist,available,32.99,32.99,high,low,7,namesilo,,,22/09/2026 01:19
91581921-00f0-46fd-b862-575b5a059258,ferdinand.florist,available,31.98,41.98,high,low,9,namecheap,,,25/09/2026 05:57
4e01852f-dba2-407d-9720-154eef51ae55,ignited.florist,available,14.99,46.99,high,low,7,name.com,,,17/08/2026 09:20
e75618d5-e87f-4d43-82d1-38d74701710b,uric.florist,available,31.98,41.98,medium,low,4,namecheap,,,12/09/2026 23:37
9bae3072-8157-4a03-bb69-f31c04bcc582,zeroth.florist,available,31.98,41.98,medium,low,6,namecheap,,,13/09/2026 15:14
d306feec-5e19-4af5-b0fa-4045d7f52ada,mackenzie.florist,available,32.99,32.99,high,low,9,namesilo,,,25/09/2026 21:54
64cd5a7a-e5f7-4d86-8835-7eddb17c60d9,pound.florist,available,26.08,26.08,medium,low,5,spaceship,,,29/09/2026 04:26
a32777a2-a640-4f46-8e20-f3ad0ac268f9,dci.florist,available,26.08,26.08,high,low,3,spaceship,,,02/10/2026 04:33
8c2bf92a-cc2e-4e92-a23e-944d8959712b,notices.florist,available,31.98,41.98,medium,low,7,namecheap,,,20/09/2026 07:18
05702c92-e759-47a3-85f6-7f1d9fcbdda0,campaign.florist,available,8.24,26.97,high,low,8,dynadot,,,29/09/2026 06:11
1d32a18a-92f9-4c47-8d1e-e04d651b3fea,blackguard.florist,available,31.98,41.98,medium,low,10,namecheap,,,24/09/2026 02:20
e1a2be35-b3e9-4f25-8626-05619ea1477d,eugenic.florist,available,14.99,46.99,medium,low,7,name.com,,,17/08/2026 14:11
e4dd5b3a-db2b-48d6-93f7-1bc65e69d6c2,blistering.florist,available,14.99,46.99,medium,low,10,name.com,,,
d0ead520-6acc-4fcc-9543-0cfa218d5e48,debasement.florist,available,32.99,32.99,medium,low,10,namesilo,,,17/09/2026 10:16
a8de726d-d6d4-46a8-8349-812d966e19a4,ponders.florist,available,32.99,32.99,medium,low,7,namesilo,,,18/09/2026 02:06
1a33f3e0-6356-45e6-bd36-9b2f909acf41,karma.florist,available,26.08,26.08,high,medium,5,spaceship,,,29/09/2026 07:24
7790ac7e-fd1d-4feb-90ce-7814cbe37bc4,azote.florist,available,31.98,41.98,medium,low,5,namecheap,,,21/09/2026 11:27
eb5770d4-1abb-4747-be02-2514f0f7c5b5,ravi.florist,available,26.08,26.08,high,low,4,spaceship,,,29/09/2026 04:31
b86b67a7-d581-4501-abe0-2325d50eeebc,unloose.florist,available,14.99,46.99,medium,low,7,name.com,,,18/08/2026 14:34